Rk,School,G,W,L,W-L%,SRS,SOS,Unnamed: 8,W.1,L.1,Unnamed: 11,W.2,L.2,Unnamed: 14,W.3,L.3,Unnamed: 17,Tm.,Opp.,Unnamed: 20,Pace,ORtg,FTr,3PAr,TS%,TRB%,AST%,STL%,BLK%,eFG%,TOV%,ORB%,FT/FGA
1,Abilene Christian,16,6,10,.375,-5.34,-0.74,,1,4,,3,3,,1,6,,1201,1219,,73.5,102.1,.427,.328,.554,53.7,46.7,8.9,8.5,.514,18.9,30.9,.305
2,Air Force,16,7,9,.438,-4.01,-3.82,,0,4,,4,5,,3,3,,1080,1083,,64.5,103.3,.355,.371,.540,51.2,52.4,8.7,10.6,.504,16.6,28.5,.254
3,Akron,17,13,4,.765,5.62,-0.65,,5,0,,8,0,,4,1,,1311,1116,,67.3,96.8,.254,.367,.510,46.8,49.2,10.0,7.0,.488,17.0,27.4,.168
4,Alabama,17,12,5,.706,24.91,8.62,,4,0,,8,1,,2,1,,1534,1257,,72.3,102.2,.352,.375,.522,45.4,43.6,9.7,10.9,.484,14.7,28.2,.251
5,Alabama A&M,18,3,15,.167,-17.75,-3.52,,2,3,,1,4,,2,9,,1244,1500,,72.5,114.2,.466,.402,.580,52.1,57.7,13.2,8.4,.537,16.0,35.5,.343
6,Alabama State,18,9,9,.500,-8.20,-1.07,,4,1,,4,2,,2,7,,1275,1267,,71.4,98.0,.403,.442,.528,50.2,56.2,8.4,9.7,.486,18.4,28.0,.286
7,Albany (NY),17,10,7,.588,-4.93,-6.37,,2,0,,6,0,,4,6,,1329,1267,,74.5,100.0,.352,.279,.515,48.2,46.0,10.2,10.4,.478,15.4,30.4,.248
8,Alcorn State,16,2,14,.125,-14.42,3.58,,1,2,,1,0,,1,14,,1095,1357,,70.4,120.5,.385,.504,.607,52.1,64.8,9.3,11.2,.578,14.5,33.7,.280
9,American,18,10,8,.556,-7.36,-7.19,,4,1,,6,1,,4,7,,1317,1291,,65.1,109.5,.308,.441,.567,47.7,50.6,7.5,8.5,.546,14.4,26.1,.206
10,Appalachian State,17,13,4,.765,5.99,-1.81,,4,1,,6,0,,4,3,,1304,1073,,69.5,89.6,.237,.360,.449,46.4,44.3,9.5,4.7,.419,14.1,26.6,.160
11,Arizona,16,12,4,.750,29.34,10.03,,3,2,,8,0,,2,2,,1459,1150,,75.7,93.4,.249,.391,.512,40.9,53.2,9.3,7.1,.487,17.1,20.1,.172
12,Arizona State,16,10,6,.625,6.70,8.20,,4,1,,7,0,,2,2,,1108,1132,,71.8,98.5,.243,.395,.510,55.0,55.1,8.4,6.1,.486,17.1,30.4,.166
13,Arkansas,17,10,7,.588,7.18,6.35,,1,3,,9,2,,0,2,,1333,1319,,72.9,104.9,.360,.361,.518,50.2,46.4,8.8,6.2,.479,12.4,29.2,.254
14,Arkansas State,17,7,10,.412,-1.45,-0.98,,3,2,,5,2,,1,7,,1342,1350,,71.2,111.6,.392,.282,.551,49.0,43.1,11.4,12.9,.507,11.9,30.3,.292
15,Arkansas-Pine Bluff,16,6,10,.375,-17.42,-0.58,,1,2,,4,3,,2,7,,1334,1374,,76.7,112.1,.339,.389,.576,53.2,60.5,9.2,13.0,.548,15.6,31.3,.242
16,Army,17,5,12,.294,-13.99,-8.39,,1,3,,4,5,,1,7,,1042,1083,,64.1,98.6,.317,.370,.526,48.6,52.3,11.3,10.1,.496,16.1,23.9,.219
17,Auburn,16,14,2,.875,21.66,3.29,,3,0,,9,0,,1,1,,1345,1051,,71.4,92.0,.364,.359,.483,46.0,45.0,9.1,6.9,.432,17.1,27.4,.270
18,Austin Peay,18,8,10,.444,-5.99,-0.72,,1,2,,5,1,,2,8,,1229,1209,,66.1,101.7,.364,.395,.527,51.0,55.1,6.7,7.9,.491,16.3,29.1,.255
19,Ball State,17,9,8,.529,-6.79,-4.93,,1,4,,7,2,,2,5,,1258,1184,,67.3,103.5,.298,.346,.539,48.0,48.7,9.0,7.6,.508,15.2,26.6,.213
20,Baylor,17,14,3,.824,20.96,5.64,,3,1,,10,0,,1,1,,1441,1170,,68.8,98.6,.294,.343,.524,45.1,50.2,9.1,8.9,.489,16.9,28.2,.217
21,Bellarmine,19,4,15,.211,-10.85,2.02,,0,4,,3,4,,1,11,,1275,1387,,66.8,109.2,.269,.431,.548,53.6,52.3,7.6,9.4,.520,13.9,30.0,.196
22,Belmont,17,11,6,.647,1.05,2.30,,4,2,,7,0,,3,5,,1335,1321,,73.1,105.5,.259,.403,.546,51.9,54.1,10.0,8.1,.520,15.6,29.1,.186
23,Bethune-Cookman,16,7,9,.438,-13.81,-4.89,,2,1,,6,1,,1,6,,1192,1209,,74.7,100.3,.466,.383,.555,50.3,58.7,12.1,6.5,.509,21.0,32.0,.337
24,Binghamton,15,8,7,.533,-10.71,-4.94,,0,2,,6,0,,2,7,,1129,1094,,70.9,102.9,.295,.392,.508,46.2,47.6,9.8,10.6,.477,11.9,26.6,.203
25,Boise State,17,12,5,.706,12.63,7.30,,3,1,,8,1,,2,1,,1257,1104,,68.1,95.4,.311,.332,.512,44.6,46.3,8.6,10.0,.479,16.0,22.2,.218
26,Boston College,17,11,6,.647,8.49,3.31,,2,4,,7,2,,3,2,,1326,1238,,69.5,104.0,.278,.371,.541,50.2,48.6,8.1,8.8,.506,15.4,27.2,.213
27,Boston University,17,7,10,.412,-9.18,-6.05,,2,2,,4,3,,3,7,,1100,1109,,67.4,96.8,.348,.411,.521,47.9,51.4,10.8,8.0,.484,15.6,20.2,.244
28,Bowling Green State,17,13,4,.765,-2.58,-5.58,,4,1,,8,1,,3,2,,1291,1177,,71.0,96.8,.259,.338,.507,48.0,46.2,9.0,10.6,.484,15.2,24.4,.170
29,Bradley,17,12,5,.706,9.24,1.49,,4,2,,7,2,,3,2,,1269,1123,,67.7,96.1,.360,.375,.501,48.5,46.5,10.7,6.4,.461,17.0,29.4,.251
30,Brigham Young,17,14,3,.824,25.29,3.23,,2,2,,10,1,,1,2,,1457,1082,,70.7,90.1,.287,.333,.478,43.2,47.9,8.5,6.0,.446,16.2,22.5,.195
31,Brown,17,5,12,.294,-7.09,-2.34,,1,1,,2,4,,2,6,,1186,1221,,69.0,102.5,.328,.356,.533,47.9,49.9,9.4,11.1,.504,15.1,25.6,.223
32,Bryant,18,11,7,.611,-2.45,-1.51,,3,0,,5,1,,5,6,,1440,1360,,76.4,97.6,.335,.343,.480,54.4,47.4,8.9,8.6,.443,14.1,31.7,.227
33,Bucknell,17,5,12,.294,-9.35,-1.71,,2,2,,2,6,,3,6,,1097,1227,,65.2,110.6,.314,.423,.567,52.2,60.5,10.6,11.2,.539,14.5,29.4,.225
34,Buffalo,17,2,15,.118,-12.98,-0.41,,1,4,,1,7,,1,6,,1150,1345,,70.7,112.0,.273,.352,.565,48.7,55.5,11.6,8.7,.545,13.0,28.8,.188
35,Butler,18,11,7,.611,12.89,7.07,,2,5,,8,2,,1,4,,1444,1319,,70.0,101.9,.224,.387,.512,50.1,48.3,9.9,11.8,.488,14.5,31.3,.157
36,Cal Poly,18,4,14,.222,-12.36,-1.07,,0,6,,3,5,,0,8,,1151,1325,,66.4,108.5,.432,.317,.551,55.0,45.0,9.3,9.0,.510,15.6,33.9,.308
37,Cal State Bakersfield,16,5,11,.313,-8.66,-0.44,,0,5,,4,2,,0,8,,1107,1141,,66.6,105.5,.427,.384,.552,50.0,51.4,7.0,6.7,.514,17.4,33.3,.300
38,Cal State Fullerton,17,8,9,.471,-6.21,1.26,,1,4,,4,2,,3,6,,1145,1177,,67.7,101.5,.338,.388,.530,52.1,52.8,10.1,8.7,.500,17.2,31.2,.230
39,Cal State Northridge,17,13,4,.765,-1.03,-6.29,,4,1,,7,1,,6,3,,1356,1208,,75.5,94.2,.368,.455,.504,42.9,57.3,11.6,7.6,.459,16.8,23.9,.265
40,California,17,6,11,.353,4.31,5.61,,2,4,,5,4,,1,3,,1281,1303,,69.4,108.1,.335,.369,.557,47.5,44.7,8.9,9.3,.522,13.5,25.5,.247
41,California Baptist,17,10,7,.588,-0.25,-3.58,,3,3,,8,3,,2,4,,1158,1081,,66.8,95.2,.286,.273,.499,45.6,45.7,8.0,8.6,.465,15.1,23.7,.204
42,Campbell,17,8,9,.471,-10.69,-6.54,,2,2,,7,3,,1,6,,1163,1112,,66.2,98.1,.266,.405,.508,51.2,50.1,9.8,9.4,.480,17.0,29.7,.184
43,Canisius,16,7,9,.438,-4.04,-2.10,,2,4,,4,2,,1,6,,1199,1188,,70.9,103.9,.309,.323,.523,49.3,49.1,8.9,8.8,.494,14.5,31.6,.211
44,Central Arkansas,19,6,13,.316,-15.74,-4.33,,2,1,,4,5,,2,8,,1356,1441,,70.8,107.1,.339,.414,.545,51.3,51.0,10.7,8.8,.517,15.3,32.1,.232
45,Central Connecticut State,16,9,7,.563,-6.31,-6.17,,3,0,,4,2,,5,5,,1179,1063,,70.0,94.9,.280,.338,.508,50.0,54.5,10.2,7.9,.483,18.3,29.2,.184
46,Central Florida,15,10,5,.667,11.19,1.33,,1,2,,8,3,,0,2,,1118,970,,70.9,90.4,.375,.380,.505,46.2,56.2,10.9,8.9,.458,20.5,25.5,.274
47,Central Michigan,17,8,9,.471,-10.53,-1.84,,3,2,,4,2,,3,6,,1138,1253,,68.1,108.3,.308,.411,.558,52.2,56.7,9.0,7.8,.520,15.9,31.1,.239
48,Charleston Southern,17,6,11,.353,-13.64,-1.07,,2,2,,5,3,,1,8,,1201,1277,,68.3,110.1,.336,.300,.542,51.5,41.6,9.7,6.3,.508,12.2,29.7,.241
49,Charlotte,17,10,7,.588,4.78,3.34,,4,1,,7,1,,2,4,,1179,1109,,63.4,101.4,.293,.373,.519,50.5,46.3,8.4,7.3,.482,15.3,29.1,.219
50,Chattanooga,17,10,7,.588,-2.69,-4.29,,2,2,,8,2,,2,5,,1335,1205,,69.9,99.9,.276,.430,.507,47.1,49.7,9.2,10.0,.483,14.2,26.7,.181
51,Chicago State,24,9,15,.375,-8.70,-2.83,,,,,3,5,,5,9,,1553,1694,,66.5,105.5,.360,.356,.558,52.4,50.6,10.3,8.5,.529,18.8,34.9,.249
52,Cincinnati,17,13,4,.765,16.64,3.59,,2,2,,11,1,,2,2,,1351,1129,,69.9,93.7,.259,.377,.503,42.5,52.9,8.7,9.4,.470,15.8,21.5,.190
53,Clemson,17,12,5,.706,14.76,7.29,,2,4,,7,2,,2,3,,1375,1248,,68.2,106.1,.304,.419,.535,46.5,46.6,9.1,6.6,.501,12.3,25.2,.222
54,Cleveland State,19,11,8,.579,-3.10,-3.83,,4,4,,9,0,,2,8,,1460,1386,,69.5,104.3,.374,.378,.541,51.3,53.1,8.4,7.8,.514,18.4,37.2,.245
55,Coastal Carolina,16,5,11,.313,-8.19,-2.40,,2,3,,4,9,,1,2,,1224,1239,,71.9,106.9,.289,.470,.509,47.4,55.0,10.9,8.7,.477,11.7,32.4,.205
56,Colgate,17,9,8,.529,-1.06,-0.06,,3,1,,4,2,,3,5,,1206,1144,,67.8,99.2,.256,.398,.518,47.9,55.4,8.8,7.8,.498,15.4,24.5,.167
57,College of Charleston,17,13,4,.765,3.87,-0.01,,4,0,,8,0,,4,1,,1361,1262,,72.5,102.4,.269,.377,.525,47.5,43.6,9.8,10.9,.496,14.5,26.5,.192
58,Colorado,17,12,5,.706,14.41,5.23,,3,3,,10,0,,0,4,,1364,1208,,70.4,100.2,.292,.358,.524,44.3,41.6,11.3,8.4,.490,15.3,24.7,.213
59,Colorado State,17,14,3,.824,16.41,6.94,,2,2,,9,1,,2,2,,1385,1166,,68.7,99.1,.286,.358,.526,49.4,45.5,8.2,7.6,.491,16.9,26.9,.212
60,Columbia,15,9,6,.600,-5.57,-4.74,,0,2,,7,1,,2,5,,1212,1059,,71.7,98.5,.249,.457,.512,47.2,55.6,8.5,10.7,.484,15.9,27.0,.177
61,Connecticut,17,15,2,.882,19.22,1.69,,5,1,,9,0,,2,2,,1412,1114,,67.2,97.5,.370,.306,.496,43.7,47.8,8.8,8.2,.451,14.7,27.7,.264
62,Coppin State,16,2,14,.125,-19.97,-3.47,,1,1,,2,2,,0,11,,872,1136,,67.6,104.3,.331,.400,.539,56.8,61.4,13.4,8.7,.502,18.6,38.1,.245
63,Cornell,15,12,3,.800,4.20,-1.87,,2,0,,5,0,,5,3,,1263,1157,,74.0,104.2,.288,.432,.539,49.7,51.6,10.4,8.9,.525,16.7,31.1,.175
64,Creighton,17,13,4,.765,20.47,6.11,,4,2,,8,1,,4,2,,1359,1115,,67.8,96.0,.141,.270,.469,44.6,37.9,9.6,8.0,.448,10.0,23.6,.104
65,Dartmouth,15,4,11,.267,-14.84,-1.30,,0,2,,4,2,,0,9,,909,1038,,67.1,103.2,.231,.393,.532,50.8,47.8,10.5,9.5,.509,13.5,22.7,.163
66,Davidson,16,10,6,.625,2.45,1.38,,0,3,,7,2,,1,3,,1159,1086,,66.2,101.8,.281,.429,.530,49.3,53.6,8.5,9.1,.510,15.6,26.5,.181
67,Dayton,16,14,2,.875,14.26,5.64,,4,0,,8,0,,3,1,,1171,1033,,63.6,101.5,.198,.362,.491,49.7,50.8,9.5,9.7,.468,13.7,32.7,.138
68,Delaware,17,10,7,.588,1.32,-2.81,,2,2,,3,2,,5,3,,1297,1198,,69.2,101.2,.278,.382,.520,48.8,47.7,8.7,10.3,.490,14.5,27.0,.199
69,Delaware State,18,9,9,.500,-11.33,-5.21,,2,0,,4,2,,3,6,,1295,1313,,71.9,98.8,.334,.404,.554,46.0,55.0,10.0,5.8,.526,19.3,25.1,.232
70,Denver,18,11,7,.611,0.62,-1.89,,2,1,,7,1,,3,5,,1542,1412,,71.9,107.5,.277,.334,.534,48.6,45.4,7.3,12.1,.507,12.5,29.1,.194
71,DePaul,16,3,13,.188,-4.60,6.96,,0,5,,3,7,,0,4,,1051,1236,,67.8,113.9,.309,.364,.564,54.2,54.0,10.0,9.4,.535,13.1,32.2,.224
72,Detroit Mercy,18,0,18,.000,-18.28,-1.22,,0,7,,0,6,,0,12,,1097,1404,,67.8,115.0,.317,.367,.580,54.6,55.1,9.7,9.2,.549,14.5,34.3,.237
73,Drake,17,14,3,.824,9.34,-0.47,,5,1,,9,0,,2,2,,1341,1164,,68.4,99.3,.320,.400,.542,48.6,41.7,7.8,6.5,.513,18.0,24.3,.223
74,Drexel,18,12,6,.667,2.74,-4.15,,5,0,,6,1,,5,5,,1327,1142,,66.2,95.1,.268,.370,.481,43.0,48.7,8.8,6.8,.447,13.1,24.5,.191
75,Duke,16,13,3,.813,20.24,4.30,,4,1,,9,1,,2,2,,1312,1057,,69.0,95.7,.266,.374,.518,46.9,52.6,7.4,12.8,.491,17.3,24.1,.184
76,Duquesne,16,9,7,.563,6.12,3.99,,0,4,,6,3,,1,3,,1184,1104,,69.1,99.8,.347,.352,.528,48.6,52.3,8.3,10.8,.493,18.0,29.5,.244
77,East Carolina,17,9,8,.529,-0.34,-1.21,,2,2,,8,5,,1,2,,1227,1183,,66.6,104.5,.317,.435,.539,48.9,51.4,8.7,9.3,.504,16.9,32.2,.232
78,East Tennessee State,17,9,8,.529,-4.76,-1.56,,1,3,,6,1,,2,7,,1212,1181,,70.2,98.9,.372,.361,.507,50.3,47.7,9.0,9.1,.467,16.6,31.6,.260
79,Eastern Illinois,18,8,10,.444,-10.83,-1.90,,2,3,,5,3,,2,7,,1260,1210,,68.4,98.2,.341,.398,.551,48.2,59.2,8.4,10.1,.517,19.7,23.5,.246
80,Eastern Kentucky,17,8,9,.471,-5.50,0.07,,4,0,,6,3,,2,6,,1385,1304,,74.1,102.7,.289,.372,.522,46.9,51.2,10.3,5.9,.493,14.8,29.2,.200
81,Eastern Michigan,17,8,9,.471,-13.42,-4.42,,1,4,,6,3,,2,5,,1148,1265,,67.0,109.4,.317,.389,.555,50.9,50.3,10.2,7.0,.527,13.9,28.4,.223
82,Eastern Washington,16,9,7,.563,1.43,2.21,,3,0,,5,0,,4,7,,1265,1156,,71.1,101.7,.358,.374,.530,49.4,50.3,8.8,9.1,.490,16.0,27.9,.260
83,Elon,17,8,9,.471,-10.29,-4.75,,1,3,,6,1,,0,8,,1325,1303,,69.4,110.3,.310,.385,.550,49.1,48.2,7.8,9.1,.520,13.5,31.4,.223
84,Evansville,17,10,7,.588,-2.40,-0.78,,1,5,,6,2,,3,5,,1294,1250,,71.8,100.9,.260,.436,.532,49.8,52.6,8.6,8.0,.505,15.9,25.4,.185
85,Fairfield,17,10,7,.588,-3.59,-5.97,,4,2,,4,2,,6,4,,1297,1212,,70.4,101.3,.263,.338,.523,51.2,50.0,9.2,8.0,.496,16.9,31.7,.184
86,Fairleigh Dickinson,19,8,11,.421,-14.35,-6.88,,2,2,,4,4,,4,6,,1486,1511,,74.7,105.8,.328,.414,.552,51.3,55.6,9.9,7.6,.523,16.9,30.8,.231
87,Florida,17,11,6,.647,13.86,5.22,,1,3,,7,1,,0,3,,1448,1301,,73.9,102.0,.329,.314,.515,43.7,42.2,11.4,9.9,.481,13.4,27.8,.230
88,Florida A&M,14,2,12,.143,-15.45,6.22,,0,3,,1,4,,1,7,,919,1156,,70.2,115.5,.429,.404,.577,52.5,53.6,12.5,9.1,.553,13.7,31.7,.284
89,Florida Atlantic,17,13,4,.765,16.56,5.21,,3,1,,6,1,,1,2,,1400,1207,,69.0,101.3,.256,.361,.518,46.9,39.6,8.3,6.8,.488,15.2,29.8,.185
90,Florida Gulf Coast,19,7,12,.368,-8.59,-1.53,,1,3,,5,2,,1,7,,1314,1382,,66.0,109.4,.289,.428,.548,48.9,52.0,10.1,7.0,.523,13.3,28.9,.200
91,Florida International,18,7,11,.389,-6.27,-2.09,,2,1,,6,3,,1,5,,1380,1360,,73.8,101.7,.396,.395,.572,53.1,56.1,10.3,10.8,.543,22.2,33.4,.275
92,Florida State,16,10,6,.625,9.78,6.21,,4,1,,7,3,,1,2,,1227,1170,,72.7,99.7,.414,.402,.533,50.8,46.9,7.9,6.5,.502,18.5,31.1,.273
93,Fordham,16,8,8,.500,-0.06,-2.12,,2,1,,4,5,,2,1,,1223,1190,,72.1,100.0,.434,.289,.533,49.0,46.4,10.5,10.3,.483,18.0,29.5,.319
94,Fresno State,17,8,9,.471,-3.90,-0.09,,1,3,,6,3,,1,4,,1184,1234,,67.2,106.4,.250,.355,.535,50.2,44.8,9.9,9.6,.516,13.9,29.8,.165
95,Furman,17,8,9,.471,-0.97,-1.18,,2,2,,7,1,,1,6,,1391,1335,,74.0,104.5,.267,.339,.543,47.5,50.4,10.8,10.3,.522,14.7,26.2,.180
96,Gardner-Webb,18,6,12,.333,-5.54,1.13,,1,2,,5,2,,0,7,,1325,1325,,71.6,101.4,.399,.359,.533,49.2,46.5,7.7,9.3,.493,14.9,23.9,.284
97,George Mason,18,13,5,.722,6.20,0.08,,2,3,,9,1,,3,3,,1317,1189,,66.4,99.5,.307,.407,.499,46.0,50.4,10.5,10.2,.460,13.6,26.4,.224
98,George Washington,17,14,3,.824,2.99,-4.07,,3,1,,11,1,,1,1,,1406,1278,,72.6,98.5,.199,.393,.481,49.5,47.6,9.8,10.1,.455,13.1,30.8,.143
99,Georgetown,17,8,9,.471,1.47,2.24,,1,5,,7,5,,1,4,,1223,1236,,67.1,106.8,.288,.354,.542,49.2,51.3,11.3,10.1,.515,15.2,32.4,.201
100,Georgia,17,13,4,.765,9.63,4.10,,3,1,,10,1,,3,0,,1284,1190,,70.9,98.8,.290,.380,.491,50.6,52.2,8.0,12.3,.457,14.3,30.6,.205
101,Georgia Southern,17,2,15,.118,-14.10,-2.75,,2,3,,1,2,,1,10,,1170,1363,,69.4,115.6,.400,.394,.573,54.9,55.5,11.3,12.5,.540,14.8,36.8,.284
102,Georgia State,16,9,7,.563,-2.75,-2.89,,4,1,,6,1,,3,6,,1289,1178,,71.7,102.0,.354,.375,.522,47.2,49.0,7.7,9.6,.486,13.7,25.8,.248
103,Georgia Tech,17,9,8,.529,5.11,6.35,,2,4,,5,3,,2,4,,1258,1279,,68.9,106.1,.342,.385,.517,47.7,45.0,10.0,9.5,.479,11.7,30.0,.243
104,Gonzaga,16,11,5,.688,14.80,2.60,,2,1,,8,1,,0,2,,1349,1100,,72.6,94.7,.265,.371,.486,44.2,47.7,8.6,7.2,.452,15.1,27.1,.190
105,Grambling,17,6,11,.353,-13.51,0.71,,3,1,,4,1,,2,8,,1113,1245,,67.9,107.8,.323,.334,.560,51.6,62.5,10.6,6.8,.531,16.2,32.0,.231
106,Grand Canyon,17,16,1,.941,10.20,-2.62,,6,0,,9,0,,4,0,,1393,1138,,70.0,95.5,.304,.328,.500,44.3,47.2,9.5,5.8,.465,16.9,27.7,.214
107,Green Bay,19,11,8,.579,-3.69,-2.40,,6,2,,7,1,,4,6,,1281,1254,,63.5,103.2,.344,.352,.511,48.7,50.6,10.4,14.8,.472,12.6,28.6,.245
108,Hampton,17,4,13,.235,-18.89,-5.46,,0,5,,3,5,,0,6,,1293,1316,,73.2,105.7,.341,.405,.540,48.3,45.5,10.5,5.8,.499,14.4,28.2,.258
109,Harvard,15,9,6,.600,-3.30,-1.73,,0,2,,6,2,,3,4,,1084,1078,,68.4,104.3,.236,.402,.505,51.5,47.7,9.4,11.1,.487,13.2,32.5,.149
110,Hawaii,17,10,7,.588,1.72,-1.48,,2,3,,7,5,,1,1,,1208,1119,,67.6,96.7,.310,.254,.509,48.1,33.8,8.6,8.4,.473,15.5,24.5,.221
111,High Point,18,14,4,.778,2.78,-4.47,,3,0,,10,0,,2,3,,1534,1315,,69.7,104.1,.325,.351,.533,41.3,48.2,7.7,7.8,.496,12.6,22.5,.239
112,Hofstra,17,8,9,.471,2.93,2.18,,1,3,,4,2,,1,7,,1274,1209,,68.0,103.8,.286,.419,.531,52.3,54.6,8.2,7.9,.498,15.6,29.9,.212
113,Holy Cross,17,4,13,.235,-18.64,-5.89,,1,3,,1,4,,2,8,,1114,1290,,65.8,114.4,.287,.389,.556,52.1,51.3,10.8,11.1,.523,11.0,30.6,.217
114,Houston,16,14,2,.875,27.30,3.93,,1,2,,9,0,,1,2,,1196,822,,64.3,79.8,.404,.409,.449,44.5,64.8,7.6,6.6,.408,23.0,29.0,.255
115,Houston Christian,15,3,12,.200,-17.03,2.05,,1,3,,2,3,,1,9,,1052,1228,,75.7,107.2,.275,.365,.536,50.1,57.1,13.2,11.7,.508,13.1,30.9,.195
116,Howard,19,8,11,.421,-7.60,-3.60,,2,1,,5,2,,3,7,,1443,1466,,70.0,107.3,.363,.357,.538,48.8,51.0,10.6,9.0,.506,14.5,32.1,.250
117,Idaho,16,7,9,.438,-7.66,-1.80,,1,2,,5,5,,1,4,,1129,1121,,67.2,103.4,.368,.398,.542,50.7,54.3,9.2,10.7,.507,15.8,26.9,.259
118,Idaho State,17,6,11,.353,-8.60,-2.53,,1,3,,4,2,,2,8,,1163,1164,,64.9,104.8,.291,.292,.552,49.0,46.3,10.7,6.9,.519,16.3,27.8,.217
119,Illinois,16,12,4,.750,19.92,5.67,,3,2,,9,2,,1,2,,1307,1079,,70.9,95.1,.234,.299,.465,44.1,42.8,8.8,8.9,.437,11.7,27.1,.160
120,Illinois State,17,8,9,.471,-4.12,-1.12,,2,4,,6,3,,1,4,,1137,1166,,67.5,101.7,.301,.370,.541,48.1,52.5,8.3,8.9,.508,16.0,24.3,.221
121,Illinois-Chicago,17,8,9,.471,1.03,-0.41,,1,5,,4,4,,2,4,,1184,1110,,68.0,96.0,.330,.325,.488,50.0,43.2,10.4,10.4,.443,14.7,28.0,.242
122,Incarnate Word,16,5,11,.313,-15.64,-6.36,,0,3,,3,2,,2,8,,1176,1256,,73.1,107.4,.372,.353,.541,51.7,54.3,10.9,12.4,.501,14.3,32.4,.272
123,Indiana,18,12,6,.667,6.66,6.11,,4,3,,10,2,,1,2,,1330,1320,,70.6,103.9,.297,.416,.516,50.3,53.9,10.5,9.1,.481,14.0,30.7,.216
124,Indiana State,18,15,3,.833,14.58,0.93,,6,1,,8,0,,3,3,,1557,1295,,72.2,99.6,.276,.324,.518,48.3,40.5,8.9,11.9,.484,15.4,26.2,.205
125,Iona,16,7,9,.438,-1.79,-2.48,,2,3,,4,3,,2,3,,1147,1136,,68.7,103.3,.433,.418,.559,52.1,56.0,8.2,10.8,.519,19.4,30.9,.311
126,Iowa,17,11,6,.647,14.99,5.40,,3,3,,8,1,,1,4,,1480,1317,,75.3,102.8,.290,.361,.533,49.4,49.4,8.7,8.4,.504,15.7,28.8,.204
127,Iowa State,17,13,4,.765,23.07,2.01,,2,2,,11,0,,1,2,,1379,1021,,69.7,86.2,.323,.478,.505,46.2,59.1,8.6,6.8,.467,23.3,25.4,.230
128,IUPUI,19,5,14,.263,-20.66,-4.66,,1,7,,4,5,,1,7,,1255,1473,,68.1,113.0,.330,.370,.591,52.4,56.8,10.1,7.5,.568,17.3,34.3,.231
129,Jackson State,16,7,9,.438,-7.70,0.36,,3,0,,1,0,,4,9,,1130,1259,,71.4,110.2,.393,.430,.562,51.0,58.0,11.2,10.2,.528,16.1,33.9,.279
130,Jacksonville,17,9,8,.529,-13.28,-3.20,,0,3,,6,0,,2,8,,1256,1266,,71.0,104.2,.396,.396,.537,47.7,54.3,10.4,8.4,.498,16.4,31.5,.280
131,Jacksonville State,18,10,8,.556,-1.17,-3.37,,2,1,,5,3,,4,5,,1289,1130,,67.2,92.8,.331,.350,.496,45.2,44.4,10.1,8.1,.459,17.3,25.0,.229
132,James Madison,17,15,2,.882,8.35,-4.97,,3,2,,7,1,,6,1,,1476,1192,,73.7,93.1,.331,.329,.503,46.1,42.7,7.7,7.5,.466,18.8,27.5,.231
133,Kansas,17,15,2,.882,18.46,6.46,,3,1,,9,0,,2,1,,1346,1127,,70.5,94.0,.248,.395,.482,45.8,47.4,10.4,7.2,.452,15.1,25.5,.174
134,Kansas City,19,7,12,.368,-8.51,-2.33,,1,3,,6,2,,1,7,,1363,1355,,67.6,103.4,.405,.357,.543,45.6,51.0,8.9,7.2,.504,15.7,26.3,.288
135,Kansas State,17,13,4,.765,12.04,4.63,,3,1,,10,1,,2,1,,1271,1145,,67.6,96.1,.249,.382,.487,46.3,47.7,10.8,10.3,.455,15.5,31.1,.180
136,Kennesaw State,17,12,5,.706,-3.99,-4.28,,3,0,,8,0,,2,5,,1443,1314,,77.6,98.8,.383,.360,.512,49.6,46.3,9.3,12.7,.471,16.8,29.8,.268
137,Kent State,17,9,8,.529,-0.72,-1.39,,2,3,,5,3,,2,4,,1330,1257,,69.8,103.7,.332,.411,.559,48.6,54.5,10.1,7.6,.533,18.3,29.0,.229
138,Kentucky,15,12,3,.800,18.20,3.40,,2,1,,8,1,,2,1,,1362,1140,,74.6,100.2,.317,.430,.513,48.9,51.5,7.7,8.0,.481,15.3,28.5,.217
139,La Salle,18,10,8,.556,-3.13,-0.83,,1,4,,7,3,,2,5,,1347,1320,,67.6,105.6,.306,.323,.534,52.9,53.9,6.7,8.9,.505,15.0,32.4,.212
140,Lafayette,17,5,12,.294,-10.26,-1.20,,4,0,,3,4,,2,6,,1024,1153,,67.4,100.7,.297,.382,.517,53.0,51.4,10.8,7.2,.480,15.8,30.1,.219
141,Lamar,17,9,8,.529,-6.15,-6.29,,3,1,,6,1,,1,7,,1384,1307,,73.3,103.4,.431,.437,.547,47.4,62.6,10.4,8.9,.506,17.9,30.0,.307
142,Le Moyne,17,6,11,.353,-13.16,-5.02,,1,2,,4,2,,2,9,,1243,1240,,71.0,102.6,.239,.453,.539,54.2,58.8,9.3,7.8,.514,18.2,32.5,.174
143,Lehigh,15,4,11,.267,-8.65,-2.42,,1,3,,2,4,,2,7,,1114,1115,,73.4,100.5,.321,.363,.543,50.3,45.1,9.7,7.3,.512,16.5,23.0,.229
144,Liberty,18,11,7,.611,4.94,0.74,,0,3,,6,2,,1,3,,1369,1131,,65.9,94.6,.292,.320,.502,47.5,40.1,8.1,12.3,.462,16.3,24.0,.219
145,Lindenwood,17,7,10,.412,-16.76,-5.54,,1,3,,3,3,,2,7,,1131,1213,,69.3,103.0,.408,.408,.552,52.7,53.3,9.4,7.8,.515,16.9,28.0,.289
146,Lipscomb,18,11,7,.611,0.71,-1.97,,2,1,,6,0,,3,6,,1453,1325,,72.3,101.8,.226,.378,.517,50.3,42.4,7.1,9.5,.494,14.3,28.3,.158
147,Little Rock,18,8,10,.444,-6.18,-5.12,,2,3,,7,4,,1,5,,1436,1455,,72.1,110.6,.426,.362,.565,50.6,47.1,6.9,7.9,.521,15.5,32.2,.318
148,Long Beach State,18,11,7,.611,-2.45,-1.64,,3,3,,4,1,,6,4,,1442,1404,,75.5,102.6,.332,.454,.540,48.0,59.0,9.9,5.8,.513,17.3,30.0,.224
149,Long Island University,15,3,12,.200,-20.00,-3.80,,2,1,,1,2,,1,10,,951,1194,,72.5,109.8,.394,.316,.557,55.1,54.1,11.9,10.5,.524,13.8,30.1,.275
150,Longwood,19,13,6,.684,-0.66,-7.09,,1,3,,9,1,,4,5,,1433,1198,,68.5,90.2,.321,.378,.495,42.1,47.6,9.3,6.0,.460,18.6,23.8,.221
151,Louisiana,17,9,8,.529,-0.54,-0.47,,2,3,,5,1,,2,6,,1305,1231,,70.0,103.4,.428,.321,.545,52.0,48.1,10.1,10.6,.503,19.0,34.6,.306
152,Louisiana State,16,10,6,.625,8.31,1.50,,2,1,,7,2,,1,2,,1221,1112,,70.8,97.5,.310,.439,.513,48.9,50.3,11.6,10.4,.474,18.2,30.6,.230
153,Louisiana Tech,18,12,6,.667,5.06,0.53,,2,1,,9,0,,3,6,,1369,1163,,67.9,93.9,.305,.363,.488,45.9,46.8,9.5,9.4,.452,16.3,27.2,.214
154,Louisiana-Monroe,15,4,11,.267,-14.10,-2.25,,0,5,,3,5,,1,6,,1004,1082,,69.1,104.3,.404,.449,.537,47.6,62.0,10.8,10.9,.493,15.7,29.6,.293
155,Louisville,16,6,10,.375,-0.58,2.17,,1,4,,5,5,,1,3,,1181,1225,,70.4,107.9,.310,.383,.554,49.1,54.0,9.9,9.5,.521,14.8,28.3,.231
156,Loyola (IL),17,11,6,.647,4.50,0.75,,3,1,,8,2,,2,2,,1251,1140,,70.7,94.8,.332,.367,.499,47.6,52.0,9.7,10.2,.463,15.6,23.6,.230
157,Loyola (MD),18,3,15,.167,-15.25,-4.19,,1,4,,1,6,,2,8,,1175,1329,,67.2,108.4,.307,.380,.554,49.9,52.1,12.3,11.6,.531,14.2,27.9,.209
158,Loyola Marymount,17,8,9,.471,1.37,-0.63,,1,2,,6,5,,1,1,,1247,1174,,68.2,101.3,.317,.282,.511,47.0,48.2,9.1,10.3,.468,12.8,26.3,.238
159,Maine,17,8,9,.471,-5.82,-4.20,,0,2,,3,2,,3,7,,1164,1138,,68.2,98.2,.335,.331,.519,52.4,52.8,8.7,8.7,.489,17.0,27.2,.225
160,Manhattan,15,4,11,.267,-15.93,-2.58,,1,5,,2,4,,2,7,,970,1145,,71.1,106.5,.252,.325,.541,53.5,58.5,11.8,11.9,.512,14.4,29.8,.188
161,Marist,14,8,6,.571,-5.12,-8.83,,3,2,,4,2,,4,4,,929,877,,66.7,93.9,.408,.396,.510,50.4,43.0,9.9,5.9,.468,19.2,26.0,.282
162,Marquette,17,12,5,.706,19.04,9.28,,3,3,,9,1,,1,3,,1316,1150,,70.3,96.2,.271,.439,.529,51.1,56.2,8.2,8.0,.501,20.4,28.8,.193
163,Marshall,18,9,9,.500,-3.12,-1.30,,4,1,,5,4,,3,2,,1381,1379,,74.1,103.5,.290,.359,.525,49.1,50.1,10.4,7.6,.494,14.8,28.9,.206
164,Maryland,17,11,6,.647,8.86,1.45,,3,3,,9,1,,2,3,,1206,1080,,67.1,93.9,.318,.280,.490,48.9,46.9,8.6,9.2,.448,17.3,31.3,.232
165,Maryland-Baltimore County,18,5,13,.278,-12.69,-5.81,,0,3,,4,4,,1,9,,1406,1504,,75.6,110.5,.304,.331,.550,51.7,45.1,11.5,7.5,.518,12.9,30.2,.223
166,Maryland-Eastern Shore,15,4,11,.267,-17.62,-2.01,,1,2,,4,1,,0,10,,974,1101,,68.5,105.4,.351,.375,.546,52.8,53.8,9.9,8.1,.519,16.6,32.2,.236
167,Massachusetts,16,11,5,.688,8.37,-1.82,,2,2,,8,1,,0,3,,1307,1144,,71.3,99.5,.410,.392,.523,47.2,51.6,7.5,7.8,.478,17.7,31.0,.294
168,Massachusetts-Lowell,16,12,4,.750,-1.71,-6.71,,3,0,,6,1,,6,3,,1288,1062,,72.9,91.1,.230,.352,.472,43.2,43.4,11.1,6.9,.442,15.2,25.3,.163
169,McNeese State,17,15,2,.882,5.82,-3.26,,4,0,,9,0,,5,2,,1353,1029,,67.2,90.0,.259,.504,.486,46.4,60.5,6.6,8.1,.451,19.8,28.5,.190
170,Memphis,17,15,2,.882,12.12,4.71,,4,0,,8,0,,5,1,,1390,1264,,72.6,101.0,.267,.435,.513,49.9,52.2,9.7,11.7,.484,16.5,32.9,.188
171,Mercer,17,8,9,.471,-6.26,-3.05,,1,3,,5,3,,2,5,,1190,1195,,67.8,103.7,.416,.347,.543,50.6,45.6,9.2,7.2,.504,16.7,29.6,.294
172,Merrimack,18,9,9,.500,-3.67,-2.36,,3,1,,6,0,,2,8,,1243,1239,,69.4,98.5,.319,.318,.513,55.4,57.6,10.2,10.0,.475,19.4,36.4,.233
173,Miami (FL),16,12,4,.750,13.72,2.29,,3,2,,9,1,,1,2,,1339,1156,,72.3,99.1,.190,.452,.515,47.4,54.4,9.4,8.6,.489,15.8,27.7,.145
174,Miami (OH),17,8,9,.471,-5.31,-3.31,,2,3,,6,3,,2,6,,1266,1207,,69.6,102.0,.331,.332,.526,51.8,45.4,9.0,10.8,.489,15.8,29.7,.238
175,Michigan,17,7,10,.412,10.10,7.39,,2,4,,4,4,,2,3,,1355,1309,,69.8,107.9,.292,.335,.531,47.8,43.4,10.4,12.0,.500,12.5,30.1,.211
176,Michigan State,17,10,7,.588,19.60,8.01,,2,4,,9,2,,0,3,,1311,1114,,67.9,95.8,.302,.422,.494,47.8,56.1,8.7,6.9,.454,15.7,28.3,.221
177,Middle Tennessee,17,6,11,.353,-7.95,-0.21,,0,2,,5,6,,0,3,,1065,1118,,64.9,99.1,.270,.314,.509,50.4,42.4,9.6,9.7,.479,15.7,31.1,.190
178,Milwaukee,17,9,8,.529,-5.39,-2.25,,4,2,,6,2,,2,5,,1334,1334,,70.4,110.7,.338,.373,.555,49.0,56.4,9.6,12.3,.520,14.6,33.4,.248
179,Minnesota,17,12,5,.706,8.68,-1.21,,3,3,,11,2,,1,2,,1323,1155,,69.1,98.4,.276,.285,.505,46.6,51.2,10.7,8.5,.470,15.3,28.5,.202
180,Mississippi,16,15,1,.938,9.76,1.63,,2,1,,11,0,,2,1,,1242,1112,,69.2,100.5,.279,.376,.497,51.5,53.1,9.6,6.8,.464,15.8,34.7,.200
181,Mississippi State,16,12,4,.750,15.34,4.91,,1,2,,6,2,,0,2,,1204,1037,,69.7,93.0,.331,.394,.489,45.5,45.3,10.9,7.7,.450,16.7,26.6,.233
182,Mississippi Valley State,16,0,16,.000,-26.63,4.50,,0,3,,0,2,,0,14,,808,1306,,65.5,123.7,.384,.399,.607,56.3,59.5,14.4,6.5,.583,13.5,37.9,.269
183,Missouri,17,8,9,.471,5.76,4.11,,0,4,,6,4,,2,3,,1284,1256,,68.9,106.4,.370,.407,.551,53.2,52.4,8.4,8.1,.506,17.6,34.2,.285
184,Missouri State,18,10,8,.556,0.48,-0.52,,2,5,,5,2,,2,6,,1272,1254,,68.9,100.4,.246,.350,.494,47.5,44.2,9.4,8.1,.463,11.8,25.8,.179
185,Monmouth,17,9,8,.529,-1.38,0.16,,2,2,,6,1,,1,7,,1199,1225,,68.8,104.8,.325,.456,.533,51.7,57.5,9.5,10.2,.500,16.1,32.8,.231
186,Montana,17,11,6,.647,2.25,0.25,,2,2,,7,2,,4,4,,1337,1216,,69.0,103.0,.325,.322,.525,47.6,44.4,8.3,8.3,.491,12.9,24.7,.230
187,Montana State,17,8,9,.471,-5.55,-1.91,,3,1,,6,4,,2,5,,1257,1251,,70.2,103.2,.373,.325,.555,53.9,48.1,8.3,6.6,.523,17.5,27.2,.260
188,Morehead State,18,13,5,.722,0.24,-1.83,,4,1,,8,0,,5,5,,1383,1126,,67.7,92.4,.297,.359,.469,41.9,43.1,9.0,7.6,.429,13.9,24.8,.214
189,Morgan State,18,4,14,.222,-18.58,-0.58,,0,2,,4,3,,0,9,,1281,1415,,72.3,108.8,.346,.333,.534,51.1,47.7,11.6,9.2,.503,13.9,34.1,.238
190,Mount St. Mary's,16,6,10,.375,-6.00,-7.07,,2,3,,4,1,,2,9,,1168,1151,,69.3,101.3,.372,.315,.531,49.3,49.9,13.0,7.6,.484,17.3,30.9,.282
191,Murray State,17,7,10,.412,0.44,0.06,,4,2,,5,4,,2,4,,1233,1194,,66.8,104.4,.273,.401,.551,50.1,50.2,6.6,9.9,.527,16.2,25.9,.191
192,Navy,15,6,9,.400,-8.54,-7.39,,2,2,,5,2,,1,7,,1026,984,,67.6,96.2,.370,.447,.524,50.3,53.3,7.3,13.0,.487,19.5,28.0,.258
193,NC State,17,13,4,.765,10.54,2.66,,5,1,,9,1,,3,1,,1314,1180,,69.8,98.7,.351,.350,.524,50.2,48.8,7.1,7.1,.489,17.3,28.0,.246
194,Nebraska,17,13,4,.765,12.45,3.27,,3,3,,11,1,,1,3,,1331,1175,,69.5,99.4,.243,.418,.497,47.9,51.4,8.7,9.9,.468,14.4,28.8,.174
195,Nevada,17,15,2,.882,13.75,1.18,,2,1,,9,1,,3,0,,1310,1076,,68.4,92.5,.301,.435,.491,48.6,54.5,6.5,6.3,.460,17.0,25.8,.201
196,Nevada-Las Vegas,16,9,7,.563,9.61,7.97,,2,2,,7,3,,2,1,,1228,1113,,68.2,100.5,.282,.332,.520,51.2,53.3,8.4,8.6,.484,17.3,32.8,.211
197,New Hampshire,16,9,7,.563,-2.96,-1.30,,1,2,,5,2,,4,5,,1245,1193,,75.3,99.0,.284,.371,.508,51.2,49.9,10.0,12.8,.471,14.0,25.9,.211
198,New Mexico,18,15,3,.833,16.21,3.10,,3,2,,10,0,,1,3,,1504,1248,,74.5,93.1,.370,.352,.509,47.2,53.5,7.7,9.0,.466,19.0,25.8,.265
199,New Mexico State,17,7,10,.412,-7.01,3.68,,1,1,,7,1,,0,7,,1193,1222,,70.3,100.8,.484,.435,.531,49.1,59.8,11.2,6.1,.485,16.3,26.4,.337
200,New Orleans,17,7,10,.412,-13.04,-1.35,,2,2,,6,1,,1,8,,1281,1312,,74.5,102.9,.346,.347,.536,53.0,54.4,9.3,9.1,.506,17.9,33.9,.236
201,Niagara,16,7,9,.438,-8.83,-6.10,,3,3,,3,5,,4,4,,1215,1207,,69.1,108.3,.319,.296,.562,49.9,43.3,8.5,8.0,.535,13.7,25.9,.224
202,Nicholls State,17,8,9,.471,-5.86,0.43,,3,1,,5,1,,3,6,,1257,1292,,68.9,106.4,.362,.363,.517,52.5,49.0,10.6,12.1,.490,13.5,34.0,.234
203,NJIT,15,4,11,.267,-14.40,-3.33,,0,3,,3,3,,1,8,,1055,1134,,69.7,108.5,.416,.346,.544,52.6,54.2,9.9,11.0,.510,15.3,35.4,.281
204,Norfolk State,19,11,8,.579,-5.04,-2.77,,1,1,,6,0,,3,6,,1441,1293,,68.8,98.9,.412,.480,.521,48.6,60.8,8.3,8.6,.483,18.7,31.5,.282
205,North Alabama,17,7,10,.412,-6.85,-3.11,,1,2,,6,3,,1,7,,1291,1270,,69.6,105.0,.383,.361,.540,49.3,54.8,8.1,8.9,.500,14.4,26.9,.278
206,North Carolina,16,13,3,.813,22.34,8.09,,5,0,,7,0,,3,0,,1340,1112,,72.5,95.1,.270,.380,.488,45.9,42.6,7.6,10.4,.450,14.5,26.0,.201
207,North Carolina A&T,17,4,13,.235,-15.42,-2.77,,2,2,,1,3,,2,7,,1180,1395,,69.6,118.0,.298,.350,.590,57.7,52.5,8.1,11.7,.569,14.3,35.8,.209
208,North Carolina Central,17,10,7,.588,-6.52,-2.13,,2,0,,7,1,,3,5,,1301,1148,,70.2,95.5,.356,.386,.505,51.0,55.0,8.7,10.5,.460,18.7,32.6,.261
209,North Dakota,19,9,10,.474,-11.60,-5.53,,1,3,,4,3,,3,7,,1387,1372,,68.4,104.9,.291,.334,.540,49.4,45.3,8.7,5.9,.505,14.5,27.7,.218
210,North Dakota State,18,8,10,.444,-6.70,-0.30,,1,2,,5,2,,3,7,,1417,1363,,67.6,108.3,.297,.294,.549,48.9,43.8,6.9,10.2,.520,12.6,25.7,.212
211,North Florida,18,9,9,.500,-8.18,-2.91,,2,1,,7,2,,2,7,,1386,1335,,70.5,105.2,.332,.295,.540,51.5,47.9,9.5,14.0,.502,14.3,28.3,.245
212,North Texas,15,10,5,.667,10.96,2.11,,3,0,,8,0,,1,1,,1043,876,,63.1,91.8,.344,.349,.471,45.9,43.7,10.7,10.2,.428,17.0,30.3,.240
213,Northeastern,17,7,10,.412,-3.48,-1.12,,2,2,,4,2,,2,7,,1199,1239,,65.8,110.8,.263,.380,.570,47.4,47.4,10.5,10.5,.546,14.8,29.4,.190
214,Northern Arizona,17,7,10,.412,-15.76,-2.64,,0,3,,3,0,,3,9,,1096,1319,,69.5,111.7,.390,.383,.582,55.6,46.3,10.8,6.9,.547,16.0,31.3,.286
215,Northern Colorado,16,9,7,.563,-4.45,-2.60,,2,1,,5,1,,3,5,,1300,1276,,71.8,107.7,.292,.411,.569,50.0,47.1,9.7,7.8,.538,15.6,25.0,.222
216,Northern Illinois,17,6,11,.353,-5.76,3.25,,0,5,,3,5,,2,6,,1314,1353,,72.3,109.3,.322,.336,.540,51.9,49.7,9.3,5.9,.512,13.3,32.2,.222
217,Northern Iowa,17,9,8,.529,4.64,3.33,,3,3,,5,2,,3,4,,1278,1217,,68.4,103.2,.327,.412,.553,48.8,43.0,8.9,10.1,.515,15.6,21.7,.249
218,Northern Kentucky,18,9,9,.500,-4.71,-2.53,,4,3,,6,1,,3,8,,1323,1306,,69.5,103.0,.297,.394,.541,51.1,56.8,9.5,8.3,.508,18.3,32.3,.219
219,Northwestern,16,12,4,.750,10.25,4.13,,3,2,,8,1,,2,2,,1168,1070,,65.2,101.8,.374,.389,.549,51.9,56.3,7.9,8.3,.508,18.5,29.3,.277
220,Northwestern State,17,4,13,.235,-17.82,-2.22,,2,2,,4,3,,0,8,,1194,1357,,71.6,111.4,.370,.376,.574,53.8,51.1,10.8,11.7,.543,16.8,35.0,.264
221,Notre Dame,18,7,11,.389,2.94,5.27,,2,5,,5,6,,1,4,,1130,1172,,65.0,98.1,.265,.349,.495,47.7,48.6,10.8,9.7,.459,13.4,25.6,.196
222,Oakland,19,11,8,.579,1.81,1.24,,6,2,,4,2,,5,5,,1422,1411,,69.2,106.6,.296,.421,.555,49.3,62.1,9.1,7.5,.523,15.1,28.1,.220
223,Ohio,17,8,9,.471,-1.52,-3.77,,2,3,,6,3,,0,4,,1337,1221,,69.2,102.2,.368,.390,.531,49.9,44.5,7.2,8.8,.496,17.0,30.6,.255
224,Ohio State,17,12,5,.706,13.99,4.22,,2,4,,8,2,,0,3,,1297,1131,,67.1,98.4,.269,.341,.499,45.9,42.0,7.7,7.0,.473,14.5,28.0,.180
225,Oklahoma,16,13,3,.813,16.95,2.07,,1,2,,10,0,,0,2,,1281,1043,,70.1,93.0,.280,.348,.486,44.8,44.8,10.1,10.4,.444,15.8,25.6,.213
226,Oklahoma State,17,8,9,.471,5.74,2.68,,0,4,,7,4,,0,3,,1231,1179,,68.6,99.7,.282,.297,.519,47.6,42.1,12.0,8.2,.485,14.9,25.3,.209
227,Old Dominion,17,4,13,.235,-7.58,0.61,,0,5,,3,3,,0,8,,1207,1324,,70.9,109.0,.367,.444,.563,52.9,56.5,8.1,9.2,.526,15.9,30.7,.268
228,Omaha,19,10,9,.526,-5.91,-4.51,,3,1,,8,1,,1,7,,1404,1321,,67.6,102.2,.320,.423,.540,49.6,49.5,8.3,6.7,.503,15.8,25.4,.237
229,Oral Roberts,17,8,9,.471,-3.23,0.98,,2,2,,6,2,,2,7,,1288,1271,,69.4,106.3,.270,.386,.527,54.4,51.2,6.8,7.8,.499,14.4,32.0,.192
230,Oregon,16,13,3,.813,11.97,4.72,,5,0,,9,0,,3,0,,1260,1144,,69.8,101.6,.349,.353,.537,48.7,45.5,6.9,8.4,.505,16.7,26.7,.242
231,Oregon State,16,9,7,.563,3.57,4.77,,1,4,,9,2,,0,2,,1149,1131,,66.6,101.3,.361,.389,.526,49.2,55.3,9.9,8.7,.488,16.2,29.6,.257
232,Pacific,19,6,13,.316,-17.31,-4.37,,0,4,,5,5,,1,8,,1267,1451,,70.2,107.4,.347,.387,.568,56.2,48.6,9.3,9.4,.536,15.9,29.8,.250
233,Penn State,18,9,9,.500,7.15,4.31,,3,4,,9,2,,0,3,,1384,1333,,71.2,102.5,.340,.340,.553,54.3,56.8,7.9,8.3,.514,19.7,33.3,.257
234,Pennsylvania,17,9,8,.529,-0.16,1.51,,1,1,,8,1,,1,5,,1302,1228,,67.0,104.8,.230,.409,.532,46.5,53.7,10.0,11.1,.510,13.6,27.0,.159
235,Pepperdine,19,9,10,.474,-1.07,0.69,,2,2,,8,3,,1,4,,1390,1372,,69.0,104.7,.353,.296,.567,47.6,49.6,9.5,5.5,.534,16.4,23.8,.256
236,Pittsburgh,17,10,7,.588,12.20,2.14,,1,5,,7,5,,2,1,,1297,1126,,68.8,96.3,.289,.395,.509,46.1,53.5,8.0,11.0,.469,15.7,23.8,.219
237,Portland,18,7,11,.389,-9.82,-0.38,,1,2,,6,2,,1,6,,1311,1422,,71.0,111.3,.262,.449,.554,50.6,57.0,9.8,6.2,.532,12.7,29.0,.181
238,Portland State,17,11,6,.647,-5.21,-2.92,,2,2,,5,1,,5,4,,1219,1184,,69.0,100.3,.277,.356,.521,50.4,51.5,8.2,10.7,.497,16.3,28.8,.185
239,Prairie View,16,6,10,.375,-12.97,-0.68,,1,2,,3,0,,2,10,,1118,1236,,74.3,104.0,.493,.336,.562,55.1,48.7,9.3,10.3,.519,20.2,34.5,.349
240,Presbyterian,19,9,10,.474,-10.74,-6.68,,1,3,,4,5,,4,4,,1454,1386,,70.5,102.7,.413,.369,.555,49.5,46.7,8.3,8.5,.507,17.0,24.5,.315
241,Princeton,15,14,1,.933,10.58,-0.88,,2,0,,7,0,,6,1,,1181,949,,65.2,97.0,.242,.354,.510,46.7,47.7,7.7,10.1,.477,15.4,24.9,.183
242,Providence,17,11,6,.647,12.84,6.25,,2,4,,10,2,,0,3,,1233,1121,,69.5,93.4,.267,.316,.486,48.4,36.6,10.2,8.5,.449,15.5,25.6,.197
243,Purdue,18,16,2,.889,25.95,10.17,,5,2,,9,0,,2,2,,1532,1248,,71.1,96.8,.229,.397,.494,42.3,56.6,10.4,6.3,.468,13.4,24.2,.158
244,Purdue Fort Wayne,18,13,5,.722,1.45,-6.11,,4,3,,8,1,,3,4,,1524,1276,,74.1,95.0,.315,.381,.521,54.4,50.4,6.0,8.1,.490,20.9,31.8,.218
245,Queens (NC),18,7,11,.389,-10.19,0.81,,1,2,,6,2,,0,9,,1420,1483,,74.4,110.8,.286,.370,.564,50.2,45.3,9.3,14.2,.534,13.8,28.7,.213
246,Quinnipiac,16,12,4,.750,-4.51,-6.78,,4,1,,7,1,,5,3,,1245,1143,,73.3,96.7,.251,.367,.503,46.5,54.7,9.2,9.3,.479,15.1,25.3,.170
247,Radford,18,11,7,.611,-2.35,-1.29,,1,2,,5,1,,3,6,,1331,1264,,66.1,104.1,.334,.387,.514,49.8,44.7,8.2,7.2,.474,13.9,32.4,.242
248,Rhode Island,16,9,7,.563,1.25,1.92,,3,0,,8,2,,1,2,,1192,1164,,68.6,106.0,.275,.371,.518,46.7,49.2,10.6,11.7,.494,12.1,29.3,.184
249,Rice,17,6,11,.353,-4.51,0.80,,0,4,,5,4,,1,4,,1253,1294,,69.1,108.5,.270,.380,.548,49.3,53.4,10.9,9.9,.521,13.9,28.9,.196
250,Richmond,17,12,5,.706,8.25,-0.11,,4,0,,9,0,,2,3,,1238,1096,,67.7,95.2,.256,.412,.489,52.4,49.6,7.0,7.5,.458,15.3,26.9,.180
251,Rider,17,5,12,.294,-9.93,-1.55,,2,4,,4,2,,1,10,,1218,1306,,70.6,106.4,.398,.421,.545,47.4,52.0,11.7,7.5,.510,13.7,27.3,.276
252,Robert Morris,18,6,12,.333,-7.04,-2.67,,2,5,,5,5,,1,7,,1336,1347,,70.6,105.3,.364,.341,.559,47.8,50.6,11.3,8.2,.526,16.2,27.5,.258
253,Rutgers,16,9,7,.563,7.30,4.11,,1,4,,8,1,,1,4,,1080,1029,,69.4,92.7,.287,.380,.486,50.9,53.2,9.3,9.2,.454,18.8,31.5,.198
254,Sacramento State,17,6,11,.353,-10.08,-0.35,,2,2,,5,2,,1,7,,1190,1219,,67.7,105.9,.325,.383,.547,43.8,49.0,11.3,8.7,.519,13.6,24.2,.226
255,Sacred Heart,19,9,10,.474,-9.22,-6.52,,3,1,,6,3,,2,7,,1398,1371,,71.2,101.3,.320,.411,.534,53.0,57.3,8.9,8.6,.507,18.9,33.5,.215
256,Saint Francis (PA),17,5,12,.294,-16.66,-4.26,,0,4,,3,5,,2,7,,1115,1234,,67.6,107.4,.341,.370,.547,50.9,52.3,10.4,10.7,.518,16.2,34.0,.236
257,Saint Joseph's,17,11,6,.647,9.00,-1.71,,1,3,,8,2,,1,4,,1329,1147,,68.9,97.2,.324,.475,.489,48.3,56.8,9.8,11.9,.458,15.4,30.2,.214
258,Saint Louis,17,8,9,.471,-1.54,3.21,,1,3,,7,2,,0,5,,1255,1295,,69.2,110.1,.352,.417,.550,51.5,48.6,8.8,10.3,.519,13.0,30.1,.246
259,Saint Mary's (CA),19,13,6,.684,14.93,4.93,,4,0,,8,3,,4,0,,1372,1113,,64.2,90.1,.351,.294,.477,41.2,47.2,8.7,6.8,.435,16.6,23.7,.243
260,Saint Peter's,14,9,5,.643,-3.38,-4.92,,5,0,,4,1,,5,4,,916,893,,65.7,97.2,.464,.395,.532,47.2,54.8,11.0,11.6,.488,19.2,28.1,.321
261,Sam Houston,18,10,8,.556,-3.72,-0.85,,3,0,,6,2,,3,6,,1296,1285,,71.1,99.1,.353,.386,.532,49.4,56.6,9.7,11.0,.500,17.9,27.4,.243
262,Samford,18,16,2,.889,7.61,-4.27,,5,0,,12,0,,4,2,,1630,1350,,76.7,97.8,.393,.384,.529,48.2,52.6,11.9,9.9,.489,20.0,31.6,.277
263,San Diego,19,10,9,.526,-2.70,1.12,,0,4,,9,4,,0,4,,1377,1425,,72.4,103.6,.355,.391,.536,49.9,58.6,11.8,9.4,.504,15.7,29.5,.245
264,San Diego State,17,14,3,.824,15.03,7.76,,3,1,,8,0,,3,3,,1307,1144,,69.4,95.6,.305,.424,.499,47.5,49.6,8.1,8.0,.461,16.2,27.1,.222
265,San Francisco,18,14,4,.778,11.56,-3.21,,3,0,,9,0,,3,2,,1429,1109,,68.5,89.3,.372,.391,.503,43.5,46.0,9.3,5.1,.461,20.0,22.8,.263
266,San Jose State,18,8,10,.444,-1.02,-1.08,,1,4,,5,3,,1,6,,1356,1310,,67.3,106.7,.333,.337,.545,51.6,46.9,6.3,8.2,.512,14.3,28.3,.238
267,Santa Clara,19,12,7,.632,4.89,3.34,,3,1,,6,3,,3,2,,1429,1364,,70.3,102.2,.303,.381,.507,47.2,49.1,11.0,6.1,.474,13.2,28.4,.213
268,Seattle,17,10,7,.588,3.44,-2.06,,3,3,,9,2,,1,5,,1258,1115,,69.1,92.2,.351,.363,.499,46.6,46.7,8.4,9.0,.461,17.3,24.1,.241
269,Seton Hall,18,13,5,.722,11.78,6.45,,6,1,,9,1,,3,2,,1332,1236,,67.3,102.1,.278,.411,.522,45.4,57.3,11.3,10.8,.485,16.2,30.8,.213
270,Siena,16,3,13,.188,-19.48,-3.79,,2,3,,2,4,,1,7,,999,1250,,69.1,113.0,.287,.342,.568,48.4,48.5,13.5,8.7,.541,13.5,30.8,.207
271,South Alabama,17,9,8,.529,-6.00,-1.08,,2,3,,5,4,,4,4,,1260,1309,,70.3,106.4,.335,.358,.543,53.1,44.4,9.9,10.4,.515,14.4,29.3,.228
272,South Carolina,17,14,3,.824,9.43,1.37,,2,2,,9,1,,2,2,,1236,1099,,65.1,98.6,.326,.327,.504,46.9,48.5,9.3,12.7,.465,14.5,27.9,.233
273,South Carolina State,18,4,14,.222,-15.19,-1.06,,0,2,,4,3,,0,11,,1286,1487,,73.0,112.4,.486,.399,.598,48.8,60.6,12.3,10.6,.551,17.9,31.9,.369
274,South Carolina Upstate,16,5,11,.313,-11.40,-1.56,,0,3,,3,3,,2,8,,1156,1171,,69.1,104.4,.455,.384,.560,52.8,48.1,9.0,8.3,.515,17.8,30.1,.333
275,South Dakota,18,8,10,.444,-12.35,-4.55,,1,2,,5,3,,2,6,,1363,1374,,71.3,107.0,.243,.364,.526,45.6,50.6,9.3,9.1,.503,12.0,27.6,.168
276,South Dakota State,18,9,9,.500,-0.36,0.57,,2,1,,5,2,,2,3,,1374,1306,,70.0,103.7,.284,.468,.532,49.3,53.3,10.1,9.7,.500,14.6,27.1,.207
277,South Florida,14,9,5,.643,3.27,-2.87,,2,1,,8,2,,0,3,,1070,984,,71.4,98.4,.374,.380,.522,50.5,55.1,8.7,7.8,.492,17.8,28.3,.246
278,Southeast Missouri State,18,6,12,.333,-19.31,-4.38,,1,4,,6,3,,0,8,,1250,1343,,71.5,103.7,.448,.293,.553,52.0,48.9,9.9,7.8,.519,16.2,26.5,.304
279,Southeastern Louisiana,17,6,11,.353,-10.36,0.86,,1,3,,4,1,,2,8,,1150,1219,,66.6,107.7,.315,.442,.553,49.3,61.4,10.8,10.1,.518,15.6,31.2,.236
280,Southern,17,9,8,.529,-4.79,2.71,,3,1,,6,0,,3,8,,1282,1233,,73.4,97.3,.423,.399,.543,52.4,59.0,8.8,9.0,.510,21.0,31.0,.284
281,Southern California,17,8,9,.471,9.25,6.90,,2,4,,5,3,,1,4,,1305,1265,,71.2,103.8,.307,.384,.538,49.5,58.9,9.8,10.1,.506,16.3,29.6,.222
282,Southern Illinois,17,12,5,.706,6.90,-1.41,,4,2,,9,2,,2,2,,1260,1096,,65.7,98.1,.320,.316,.501,49.9,46.2,8.8,10.2,.469,14.8,28.8,.217
283,SIU Edwardsville,18,10,8,.556,-6.32,-3.12,,3,2,,8,1,,0,7,,1284,1240,,66.0,104.4,.324,.391,.528,50.2,54.9,8.2,9.0,.493,15.0,31.4,.234
284,Southern Indiana,18,5,13,.278,-13.21,-1.74,,2,3,,4,4,,1,9,,1200,1279,,70.3,100.3,.421,.366,.516,48.6,52.1,9.8,8.4,.466,14.5,26.0,.307
285,Southern Methodist,17,12,5,.706,13.89,1.52,,3,1,,8,2,,3,2,,1270,1053,,68.2,90.9,.318,.371,.456,46.4,53.5,11.8,12.7,.414,16.3,32.3,.221
286,Southern Mississippi,17,9,8,.529,-7.40,-2.66,,3,2,,5,1,,4,4,,1194,1212,,70.0,101.8,.327,.390,.523,50.2,53.4,10.8,7.8,.493,16.6,31.0,.222
287,Southern Utah,16,5,11,.313,-6.19,-0.19,,0,5,,4,3,,0,8,,1233,1265,,71.1,110.3,.295,.275,.574,51.9,46.2,8.4,9.1,.550,15.6,31.3,.210
288,St. Bonaventure,15,10,5,.667,7.28,-0.39,,1,2,,5,2,,3,1,,1109,994,,66.3,99.9,.343,.398,.530,47.4,56.9,6.8,7.9,.498,17.0,26.5,.235
289,St. John's (NY),18,12,6,.667,15.43,7.98,,4,3,,8,1,,2,3,,1402,1268,,70.1,100.5,.346,.346,.510,46.7,49.3,9.2,7.4,.468,15.9,32.8,.251
290,St. Thomas,19,13,6,.684,1.31,-4.31,,3,1,,7,1,,5,4,,1395,1187,,64.1,97.5,.306,.369,.516,49.6,51.4,8.3,8.0,.484,17.0,27.4,.214
291,Stanford,16,9,7,.563,9.29,5.85,,4,2,,7,2,,2,2,,1262,1207,,71.3,103.3,.241,.367,.522,50.0,44.1,9.6,7.3,.500,13.1,26.6,.164
292,Stephen F. Austin,17,11,6,.647,1.11,-3.43,,4,2,,5,2,,4,3,,1346,1193,,74.3,93.1,.475,.345,.524,45.6,51.2,11.2,8.6,.474,21.8,29.0,.338
293,Stetson,19,11,8,.579,-3.68,-0.43,,3,1,,6,1,,3,7,,1470,1342,,67.6,104.4,.271,.392,.514,49.9,54.7,9.0,8.6,.486,13.2,32.3,.188
294,Stonehill,19,2,17,.105,-19.97,-2.36,,0,4,,2,4,,0,13,,1208,1498,,70.8,110.7,.305,.463,.552,56.3,60.6,11.3,14.3,.519,15.0,34.1,.226
295,Stony Brook,17,9,8,.529,-5.63,-1.63,,2,2,,6,2,,3,6,,1205,1228,,67.8,105.0,.237,.429,.537,50.6,57.9,9.0,6.9,.514,15.4,29.2,.167
296,Syracuse,17,12,5,.706,9.39,8.14,,3,3,,8,0,,2,3,,1290,1221,,73.3,97.9,.260,.385,.506,51.4,51.2,9.5,8.3,.479,17.5,31.7,.179
297,Tarleton State,16,10,6,.625,-2.63,1.45,,3,2,,5,1,,3,5,,1111,1049,,66.8,98.1,.353,.378,.521,50.4,52.3,8.8,10.2,.491,19.1,34.0,.235
298,TCU,17,13,4,.765,16.16,1.16,,2,2,,9,0,,2,2,,1421,1166,,72.7,93.6,.325,.337,.512,45.4,54.1,9.3,8.0,.482,19.4,27.6,.217
299,Temple,18,8,10,.444,-2.84,0.93,,1,4,,4,3,,2,4,,1274,1308,,69.2,102.9,.296,.380,.536,51.0,54.9,9.0,10.2,.501,16.4,29.3,.222
300,Tennessee,17,13,4,.765,21.39,8.33,,3,1,,9,0,,2,2,,1344,1122,,70.8,93.2,.377,.382,.480,46.2,48.8,9.7,7.1,.432,16.1,27.7,.267
301,Tennessee State,18,9,9,.500,-8.28,-4.35,,2,3,,7,1,,1,7,,1374,1314,,71.7,101.2,.400,.341,.533,50.1,46.6,9.2,10.7,.487,17.5,30.7,.296
302,Tennessee Tech,18,7,11,.389,-12.90,-3.70,,2,3,,5,4,,2,7,,1269,1362,,69.2,108.5,.227,.386,.551,54.1,53.7,9.7,9.7,.525,13.2,27.5,.171
303,Tennessee-Martin,18,10,8,.556,-7.06,-3.92,,3,2,,6,2,,4,5,,1491,1428,,76.6,102.1,.247,.419,.513,48.6,51.2,9.6,11.2,.485,13.2,26.4,.177
304,Texas,16,12,4,.750,12.27,1.02,,1,2,,9,1,,1,2,,1243,1063,,69.5,95.5,.334,.321,.497,47.4,46.2,10.0,9.3,.463,16.7,29.1,.226
305,Texas A&M,17,10,7,.588,13.64,7.64,,1,3,,6,2,,2,3,,1272,1170,,67.1,101.8,.340,.429,.523,43.5,59.8,7.6,13.8,.484,15.4,28.5,.246
306,Texas A&M-Commerce,16,6,10,.375,-11.30,3.00,,0,3,,5,3,,1,7,,1182,1189,,70.7,103.5,.386,.330,.541,54.1,48.3,7.9,8.9,.501,17.3,33.0,.278
307,Texas A&M-Corpus Christi,17,10,7,.588,-7.26,-4.41,,3,1,,6,1,,4,5,,1309,1147,,72.9,92.6,.510,.393,.525,44.7,55.2,9.5,9.5,.467,20.3,22.3,.369
308,Texas Southern,14,3,11,.214,-11.55,2.61,,1,2,,1,2,,1,8,,894,1042,,70.2,106.0,.407,.397,.538,53.0,54.7,9.5,10.8,.502,15.1,32.4,.280
309,Texas State,17,7,10,.412,-5.42,0.91,,1,4,,3,2,,4,6,,1192,1196,,68.5,102.7,.384,.331,.526,48.1,49.2,10.3,9.1,.485,15.3,30.4,.273
310,Texas Tech,16,14,2,.875,14.76,1.95,,3,0,,10,0,,1,1,,1242,1037,,66.7,96.4,.239,.405,.501,47.2,43.5,8.2,11.8,.478,16.5,28.9,.159
311,Texas-Rio Grande Valley,17,6,11,.353,-10.33,-0.93,,2,4,,5,3,,1,6,,1282,1353,,75.4,104.0,.389,.321,.551,52.9,56.9,11.1,11.5,.506,18.3,32.8,.292
312,The Citadel,17,8,9,.471,-3.41,-2.48,,0,4,,4,4,,2,5,,1228,1165,,67.0,102.4,.196,.391,.523,46.1,53.2,9.1,10.8,.500,13.5,24.2,.145
313,Toledo,17,11,6,.647,2.35,0.46,,5,0,,7,2,,4,1,,1344,1312,,70.3,109.7,.250,.379,.580,50.0,47.8,8.7,8.0,.556,16.8,30.0,.187
314,Towson,17,9,8,.529,-1.68,-0.12,,2,2,,7,0,,2,3,,1124,1098,,62.7,100.8,.310,.339,.524,43.6,47.3,10.8,10.9,.491,15.6,27.1,.220
315,Troy,17,11,6,.647,1.27,-1.87,,5,0,,10,1,,1,5,,1384,1183,,72.1,94.5,.385,.333,.510,45.7,44.9,11.2,11.9,.475,18.9,28.7,.257
316,Tulane,16,11,5,.688,7.47,0.40,,2,2,,8,2,,2,1,,1395,1259,,74.8,102.8,.282,.441,.530,53.9,55.1,8.7,7.7,.501,16.9,32.2,.199
317,Tulsa,16,9,7,.563,0.43,-4.17,,0,4,,9,2,,0,4,,1221,1111,,72.2,94.6,.325,.369,.494,50.8,48.0,9.5,7.5,.460,17.6,31.5,.219
318,UAB,16,10,6,.625,-0.99,0.55,,2,1,,6,3,,3,2,,1233,1220,,69.2,108.5,.300,.377,.547,47.3,49.5,9.4,11.6,.518,14.2,30.4,.214
319,UC Davis,17,10,7,.588,1.49,-2.71,,5,1,,7,3,,2,4,,1264,1143,,69.0,96.1,.404,.333,.525,48.8,47.7,9.2,8.2,.479,19.7,29.4,.292
320,UC Irvine,17,12,5,.706,8.60,1.23,,5,0,,6,0,,3,5,,1308,1130,,69.5,95.0,.337,.325,.493,45.9,49.4,8.3,7.6,.450,15.4,26.3,.242
321,UC Riverside,18,7,11,.389,-5.57,0.86,,2,4,,6,2,,0,9,,1240,1290,,67.6,106.0,.362,.328,.559,49.1,56.5,7.0,10.5,.524,15.0,24.6,.262
322,UC San Diego,17,11,6,.647,3.97,-1.77,,5,0,,7,1,,4,4,,1323,1147,,67.6,99.1,.266,.368,.514,49.4,51.9,6.7,10.6,.488,16.1,28.6,.182
323,UC Santa Barbara,16,10,6,.625,-2.86,-4.00,,3,3,,7,2,,2,4,,1250,1172,,70.2,103.6,.258,.339,.521,45.0,45.1,10.3,6.5,.498,12.2,24.6,.174
324,UCLA,17,7,10,.412,4.20,4.95,,2,4,,5,4,,1,3,,1100,1084,,66.6,95.8,.347,.456,.511,48.3,48.9,9.3,5.8,.473,17.3,27.4,.245
325,UNC Asheville,19,11,8,.579,-2.38,-0.44,,3,1,,7,1,,1,5,,1548,1415,,71.9,102.2,.337,.358,.520,49.1,49.1,8.7,9.9,.480,15.6,31.5,.246
326,UNC Greensboro,17,12,5,.706,0.92,-1.35,,3,1,,7,0,,2,5,,1310,1166,,68.6,99.2,.334,.462,.498,48.5,48.6,8.4,10.0,.456,14.2,28.2,.240
327,UNC Wilmington,16,11,5,.688,0.48,0.33,,2,2,,5,0,,5,4,,1304,1158,,69.4,103.6,.335,.373,.545,50.9,46.8,6.3,8.2,.515,16.6,29.0,.234
328,UT Arlington,17,8,9,.471,-1.44,4.02,,3,3,,7,1,,0,8,,1251,1265,,71.2,104.5,.366,.363,.538,47.1,58.2,11.1,11.0,.500,15.3,28.9,.263
329,Utah,17,12,5,.706,18.81,8.81,,3,3,,9,0,,1,3,,1368,1198,,71.8,98.2,.244,.385,.502,47.6,54.4,8.3,7.0,.482,14.1,26.0,.156
330,Utah State,18,16,2,.889,13.89,3.64,,4,1,,8,0,,4,2,,1478,1230,,70.5,96.2,.320,.359,.516,45.0,48.3,9.2,6.8,.480,16.7,23.9,.230
331,Utah Tech,16,7,9,.438,-6.62,-0.02,,3,2,,3,3,,4,6,,1121,1208,,71.3,104.2,.384,.379,.529,52.2,49.5,11.5,11.0,.494,16.1,33.1,.264
332,Utah Valley,17,8,9,.471,-2.90,1.37,,3,3,,6,1,,1,7,,1162,1183,,69.3,99.7,.355,.354,.530,50.2,56.7,9.2,9.5,.498,16.7,26.2,.242
333,UTEP,17,9,8,.529,-4.35,-1.49,,0,2,,8,2,,0,5,,1269,1181,,72.4,95.9,.462,.342,.546,50.2,45.8,10.6,7.6,.495,22.8,30.7,.340
334,UTSA,17,7,10,.412,-7.34,-4.28,,1,3,,5,4,,2,6,,1347,1363,,72.2,108.7,.369,.350,.534,49.4,52.3,8.4,13.2,.498,12.1,30.0,.259
335,Valparaiso,17,5,12,.294,-7.38,-0.20,,1,5,,4,6,,1,6,,1131,1207,,69.0,102.9,.303,.352,.525,52.9,54.3,10.2,7.2,.499,16.2,32.6,.203
336,Vanderbilt,16,5,11,.313,-1.10,2.46,,0,3,,5,5,,0,3,,1090,1147,,68.3,105.0,.303,.368,.546,50.0,50.5,8.9,9.3,.507,14.4,25.0,.234
337,Vermont,18,13,5,.722,1.38,-2.19,,3,0,,8,1,,3,3,,1316,1159,,64.6,99.7,.240,.348,.500,49.5,41.7,7.6,7.6,.473,12.3,25.4,.169
338,Villanova,17,11,6,.647,15.35,7.47,,4,2,,6,2,,2,3,,1262,1128,,65.7,98.8,.267,.404,.516,47.3,54.3,8.9,13.6,.488,15.0,23.8,.187
339,Virginia,16,11,5,.688,9.59,2.47,,2,3,,9,0,,0,4,,1039,925,,62.2,92.9,.257,.403,.490,52.0,53.6,8.9,6.8,.457,18.9,29.8,.183
340,Virginia Commonwealth,17,10,7,.588,7.73,2.20,,2,2,,7,5,,2,0,,1244,1150,,67.0,100.2,.366,.343,.502,47.3,42.9,11.4,6.1,.456,13.7,28.2,.265
341,VMI,17,3,14,.176,-19.84,-3.49,,0,4,,3,3,,0,9,,1210,1351,,73.9,106.8,.302,.403,.533,48.3,48.5,12.5,7.5,.512,13.2,28.3,.195
342,Virginia Tech,16,10,6,.625,11.91,5.48,,2,3,,8,1,,0,3,,1186,1083,,68.2,99.3,.292,.362,.520,46.9,47.0,9.3,9.0,.489,15.9,24.9,.207
343,Wagner,15,8,7,.533,-11.42,-7.66,,2,1,,5,1,,3,6,,967,932,,63.9,96.4,.281,.405,.505,51.0,61.7,7.0,9.6,.480,17.1,29.1,.186
344,Wake Forest,17,12,5,.706,13.99,3.52,,4,2,,10,0,,1,3,,1370,1192,,69.9,98.8,.301,.312,.514,48.8,40.0,8.5,9.7,.476,15.4,27.8,.223
345,Washington,17,10,7,.588,12.72,7.25,,2,4,,8,2,,1,3,,1368,1275,,72.0,102.0,.349,.347,.517,48.9,50.4,8.6,7.9,.487,14.6,30.2,.233
346,Washington State,17,12,5,.706,12.90,4.20,,3,3,,9,1,,1,2,,1270,1122,,67.7,97.6,.347,.332,.497,45.8,45.2,8.0,6.7,.448,14.0,25.3,.262
347,Weber State,17,11,6,.647,4.11,-1.11,,2,2,,7,0,,3,4,,1288,1068,,66.4,93.9,.227,.364,.511,48.4,50.0,7.8,9.4,.492,17.1,22.6,.147
348,West Virginia,16,6,10,.375,3.37,7.18,,1,2,,6,5,,0,1,,1086,1147,,67.7,105.0,.239,.401,.520,50.6,49.4,9.8,11.0,.493,13.0,29.9,.172
349,Western Carolina,18,15,3,.833,1.75,-3.12,,4,1,,7,1,,8,2,,1368,1188,,69.0,95.7,.306,.284,.474,45.8,34.9,7.7,7.1,.439,12.1,24.8,.207
350,Western Illinois,18,12,6,.667,-7.39,-4.24,,5,0,,7,1,,5,5,,1285,1184,,68.0,95.4,.247,.324,.476,42.8,45.3,11.2,7.6,.448,13.1,25.7,.168
351,Western Kentucky,17,13,4,.765,-0.22,-2.57,,2,1,,8,0,,4,2,,1349,1246,,76.8,95.5,.319,.387,.502,48.1,50.3,9.1,9.3,.466,17.0,27.0,.224
352,Western Michigan,17,7,10,.412,-6.70,-1.20,,4,1,,3,4,,2,6,,1264,1296,,68.7,109.4,.301,.401,.550,48.0,54.3,9.3,6.9,.524,14.0,30.1,.210
353,Wichita State,16,8,8,.500,2.20,4.13,,0,3,,6,2,,1,3,,1188,1187,,71.7,103.5,.233,.428,.515,46.4,54.2,11.4,9.1,.486,12.5,26.7,.172
354,William & Mary,17,7,10,.412,-11.12,-5.99,,2,2,,6,2,,1,6,,1260,1233,,67.9,106.0,.331,.385,.541,49.2,44.3,8.3,11.6,.502,13.3,25.4,.249
355,Winthrop,19,13,6,.684,0.43,-2.32,,4,0,,9,1,,4,5,,1507,1317,,68.3,98.3,.293,.431,.508,47.7,51.6,9.9,13.2,.470,16.4,30.6,.219
356,Wisconsin,17,13,4,.765,18.34,9.34,,5,1,,9,1,,2,3,,1286,1133,,66.1,100.9,.307,.372,.544,45.5,44.0,6.9,10.1,.518,16.1,21.9,.211
357,Wofford,17,10,7,.588,-3.38,-0.95,,3,1,,6,0,,4,4,,1340,1286,,70.2,105.4,.323,.387,.541,46.2,47.6,9.5,8.8,.504,11.9,21.5,.240
358,Wright State,18,9,9,.500,0.35,-1.09,,4,3,,5,2,,2,6,,1529,1440,,72.6,110.2,.297,.398,.564,48.3,49.2,9.4,6.0,.540,14.2,27.5,.207
359,Wyoming,17,9,8,.529,-2.70,2.83,,2,2,,6,1,,0,6,,1235,1249,,69.7,105.4,.254,.377,.540,49.0,45.6,13.0,10.8,.507,15.9,31.0,.197
360,Xavier,17,9,8,.529,15.82,9.76,,3,3,,7,4,,1,3,,1289,1186,,71.1,98.2,.295,.348,.487,47.4,60.6,9.3,11.1,.455,14.0,29.9,.200
361,Yale,17,11,6,.647,2.58,0.38,,2,0,,4,1,,5,4,,1296,1155,,67.3,98.7,.259,.392,.512,46.6,55.8,8.1,8.2,.479,14.6,24.7,.192
362,Youngstown State,18,13,5,.722,0.32,-2.25,,5,2,,10,1,,3,4,,1466,1271,,71.9,98.2,.268,.368,.505,46.1,56.8,7.6,7.9,.478,14.5,25.9,.184
