Rk,School,Pace,ORtg,FTr,3PAr,TS%,TRB%,AST%,STL%,BLK%,eFG%,TOV%,ORB%,FT/FGA
1,Abilene Christian,74.0,0.5,-0.016,-0.043,-0.021,-6.599999999999994,9.1,1.5999999999999996,-4.300000000000001,-0.028,-3.200000000000001,-5.0,0.0
2,Air Force,65.9,2.5,0.012,0.08,0.0339999999999999,-2.200000000000003,13.5,2.9000000000000004,4.300000000000001,0.043,0.0,-4.5,-0.001
3,Akron,67.6,16.60000000000001,0.084,0.1,0.0719999999999999,9.200000000000005,5.5,-2.1000000000000014,-0.1999999999999993,0.066,-0.3999999999999986,7.399999999999999,0.0759999999999999
4,Alabama,73.3,23.200000000000003,0.031,0.093,0.0929999999999999,9.400000000000006,8.0,1.5999999999999996,0.5,0.0949999999999999,-1.4000000000000004,7.800000000000001,0.0479999999999999
5,Alabama A&M,74.6,-24.200000000000003,-0.0329999999999999,-0.1549999999999999,-0.1109999999999999,-8.0,-18.700000000000003,-1.799999999999999,1.1999999999999993,-0.1319999999999999,1.8000000000000007,-6.200000000000003,-0.0239999999999999
6,Alabama State,72.2,-1.5999999999999943,-0.1519999999999999,-0.121,-0.055,0.7999999999999972,-13.799999999999995,3.6999999999999993,3.6999999999999993,-0.0489999999999999,-4.200000000000001,3.899999999999999,-0.1029999999999999
7,Albany (NY),74.9,3.200000000000003,-0.0139999999999999,0.072,0.023,3.200000000000003,2.0,1.200000000000001,-2.5,0.028,2.0,2.699999999999996,-0.008
8,Alcorn State,71.4,-27.5,-0.066,-0.274,-0.137,-6.799999999999997,-29.200000000000003,1.0,-5.199999999999999,-0.1439999999999999,0.1999999999999993,-4.200000000000003,-0.0699999999999999
9,American,65.9,-1.0999999999999943,-0.0279999999999999,0.0399999999999999,-0.015,4.400000000000006,9.5,1.8999999999999997,-2.2,-0.019,0.9000000000000004,5.0,-0.0129999999999999
10,Appalachian State,69.9,21.599999999999994,0.0299999999999999,0.012,0.098,6.200000000000003,9.1,2.1,12.099999999999998,0.105,-2.299999999999999,3.200000000000003,0.024
11,Arizona,76.4,24.3,0.1099999999999999,-0.09,0.0689999999999999,17.400000000000006,6.899999999999999,2.8999999999999986,2.6,0.059,-3.6000000000000014,16.400000000000002,0.097
12,Arizona State,72.0,-2.5999999999999943,0.15,-0.016,-0.002,-9.799999999999995,-5.899999999999999,2.6,4.300000000000001,-0.006,-2.799999999999999,-10.3,0.0789999999999999
13,Arkansas,72.7,8.0,0.1089999999999999,-0.0229999999999999,0.0639999999999999,4.200000000000003,-4.0,-1.3000000000000007,12.4,0.062,1.5,0.5,0.0879999999999999
14,Arkansas State,71.7,-4.900000000000006,-0.134,0.178,-0.022,0.7999999999999972,10.6,-4.500000000000001,-4.1,-0.001,3.200000000000001,2.6000000000000014,-0.12
15,Arkansas-Pine Bluff,77.4,-3.0999999999999943,-0.015,0.0629999999999999,-0.001,-6.400000000000006,-5.800000000000004,0.200000000000001,-6.1,-0.0069999999999998,-0.3000000000000007,-6.300000000000001,0.004
16,Army,64.8,-3.1000000000000085,-0.068,0.082,-0.036,4.400000000000006,3.6000000000000014,-1.299999999999999,1.1999999999999993,-0.0129999999999999,1.3000000000000007,7.300000000000001,-0.086
17,Auburn,71.3,25.5,0.025,0.036,0.0829999999999999,10.400000000000006,20.200000000000003,1.0999999999999996,8.5,0.095,-4.5,9.4,0.0169999999999999
18,Austin Peay,65.9,2.799999999999997,-0.131,-0.0359999999999999,-0.008,-1.7999999999999972,-11.4,5.6,4.499999999999999,0.01,-4.100000000000001,-0.3000000000000007,-0.104
19,Ball State,68.0,8.5,0.0929999999999999,0.0199999999999999,0.0239999999999999,5.799999999999997,-4.400000000000006,-0.0999999999999996,-0.3999999999999994,0.012,-0.8000000000000007,5.799999999999997,0.079
20,Baylor,70.2,28.200000000000003,0.079,0.0419999999999999,0.1099999999999999,11.799999999999995,3.699999999999996,0.5999999999999996,1.8000000000000007,0.12,-2.0,10.200000000000005,0.057
21,Bellarmine,68.2,-6.5,-0.0269999999999999,-0.0319999999999999,-0.023,-4.799999999999997,5.799999999999997,1.0999999999999996,-3.1999999999999997,-0.033,-0.1999999999999993,-4.5,0.003
22,Belmont,73.6,1.4000000000000057,0.065,-0.002,0.0399999999999999,-3.5999999999999943,-1.5,1.4000000000000004,-0.4999999999999991,0.041,1.3000000000000007,-6.300000000000001,0.041
23,Bethune-Cookman,75.4,-2.200000000000003,-0.149,-0.068,-0.043,-3.0,-9.800000000000004,4.800000000000001,2.1,-0.0329999999999999,-4.400000000000002,-1.6000000000000014,-0.11
24,Binghamton,70.3,6.899999999999992,0.064,-0.081,0.045,7.400000000000006,7.5,-1.7999999999999998,2.0,0.051,2.1000000000000014,4.5,0.034
25,Boise State,68.7,14.900000000000006,0.0499999999999999,0.0499999999999999,0.044,10.0,3.299999999999997,1.200000000000001,-2.3000000000000007,0.046,-1.6999999999999993,9.4,0.033
26,Boston College,69.9,10.599999999999994,0.0299999999999999,-0.026,0.027,3.4000000000000057,-0.3999999999999986,1.9999999999999991,2.8999999999999986,0.03,-3.700000000000001,3.1000000000000014,0.0159999999999999
27,Boston University,67.7,-0.7999999999999972,-0.061,-0.0079999999999999,-0.026,5.599999999999994,2.4000000000000057,-0.6999999999999993,-0.5,-0.018,0.4000000000000003,8.200000000000003,-0.0559999999999999
28,Bowling Green State,71.6,11.599999999999994,0.1389999999999999,0.08,0.048,3.799999999999997,1.2999999999999972,-0.1999999999999993,-1.8000000000000007,0.0389999999999999,-1.4000000000000004,2.900000000000002,0.1
29,Bradley,67.8,6.799999999999997,-0.0479999999999999,0.0529999999999999,0.049,-0.2000000000000028,5.299999999999997,-0.4000000000000003,3.6000000000000005,0.068,0.5999999999999996,-1.599999999999998,-0.047
30,Brigham Young,70.9,40.60000000000001,-0.0269999999999999,0.1519999999999999,0.13,18.40000000000001,18.500000000000007,1.9000000000000004,2.6,0.1389999999999999,-5.199999999999999,17.900000000000002,-0.005
31,Brown,69.2,-2.5,0.0349999999999999,0.024,-0.031,4.599999999999994,-0.5,0.200000000000001,1.4000000000000004,-0.032,0.3000000000000007,7.0,0.01
32,Bryant,76.3,3.700000000000003,-0.0679999999999999,0.078,0.06,-9.400000000000006,3.200000000000003,-0.200000000000001,4.799999999999999,0.082,0.5,-12.599999999999998,-0.0569999999999999
33,Bucknell,64.4,-13.0,0.009,0.02,-0.0329999999999999,-5.200000000000003,-5.600000000000001,-0.7999999999999989,-1.5999999999999996,-0.045,3.9,-5.299999999999997,0.022
34,Buffalo,71.5,-15.200000000000005,0.032,0.0539999999999999,-0.053,3.200000000000003,-4.700000000000003,-3.4000000000000004,1.5999999999999996,-0.068,6.499999999999998,3.799999999999997,0.0339999999999999
35,Butler,70.0,14.300000000000011,0.061,-0.018,0.0639999999999999,2.200000000000003,2.700000000000003,-1.0,-0.1999999999999993,0.052,-2.0,0.1999999999999993,0.07
36,Cal Poly,66.2,-12.400000000000006,-0.0889999999999999,-0.039,-0.049,-8.0,-6.899999999999999,-0.0999999999999996,3.1,-0.0509999999999999,1.0,-7.299999999999997,-0.06
37,Cal State Bakersfield,66.9,-1.5999999999999943,-0.078,-0.129,-0.045,1.5999999999999943,-12.0,3.0,4.5,-0.037,-2.3000000000000007,3.0,-0.067
38,Cal State Fullerton,67.8,-0.1000000000000085,0.068,-0.061,0.01,-3.4000000000000057,-15.0,0.3000000000000007,-0.7999999999999989,0.001,-0.3000000000000007,-3.900000000000002,0.055
39,Cal State Northridge,76.1,14.400000000000006,-0.027,-0.193,0.052,16.599999999999994,-8.599999999999994,-0.0999999999999996,2.6000000000000005,0.07,0.1000000000000014,14.499999999999996,-0.031
40,California,69.9,-2.800000000000012,-0.026,0.0559999999999999,-0.019,5.400000000000006,0.8999999999999986,-1.0,-1.0,-0.016,2.3000000000000007,6.0,-0.0279999999999999
41,California Baptist,67.7,6.5,0.1559999999999999,0.083,0.003,9.200000000000005,1.2999999999999972,-0.3999999999999994,-2.5,-0.003,-0.0999999999999996,11.499999999999996,0.0879999999999999
42,Campbell,65.5,6.900000000000006,0.124,-0.0329999999999999,0.057,-0.4000000000000057,-0.4000000000000057,0.0,-0.5,0.0539999999999999,-0.1000000000000014,-3.6999999999999993,0.0879999999999999
43,Canisius,71.5,4.700000000000003,-0.025,0.069,0.042,2.0,7.200000000000003,-0.5,-2.8000000000000007,0.05,2.1999999999999997,0.7999999999999972,-0.016
44,Central Arkansas,71.3,-5.900000000000006,-0.0819999999999999,-0.006,-0.036,-2.4000000000000057,4.399999999999999,0.2999999999999989,0.5,-0.041,0.1999999999999993,-1.5,-0.0419999999999999
45,Central Connecticut State,70.1,9.0,-0.0109999999999999,-0.006,0.026,-1.5999999999999943,0.2999999999999971,1.1999999999999993,6.299999999999999,0.023,-3.9999999999999982,-2.200000000000003,0.006
46,Central Florida,72.2,19.69999999999999,-0.003,0.002,0.04,9.599999999999994,-4.899999999999999,2.1,7.800000000000001,0.0559999999999999,-5.800000000000001,10.599999999999998,-0.0189999999999999
47,Central Michigan,69.2,-15.599999999999994,-0.0369999999999999,-0.072,-0.0799999999999999,-6.200000000000003,-13.5,0.6999999999999993,1.0,-0.068,0.1000000000000014,-3.3000000000000007,-0.066
48,Charleston Southern,68.5,-7.699999999999989,-0.007,0.069,0.008,-4.0,5.800000000000004,-4.9,2.0,0.006,4.4,-5.699999999999999,0.0019999999999999
49,Charlotte,63.4,6.0,0.0119999999999999,0.007,0.03,-0.5999999999999943,8.399999999999999,1.4000000000000004,1.3999999999999986,0.033,-1.700000000000001,-2.1999999999999997,0.009
50,Chattanooga,69.6,8.399999999999991,0.0519999999999999,0.108,0.0579999999999999,6.0,4.299999999999997,-0.3000000000000007,-0.200000000000001,0.048,1.5999999999999996,3.0,0.062
51,Chicago State,66.3,-10.299999999999995,0.03,-0.013,-0.066,-7.0,-7.299999999999997,3.0,-1.299999999999999,-0.081,-2.0,-4.299999999999997,0.021
52,Cincinnati,70.1,23.0,0.0149999999999999,0.007,0.044,18.40000000000001,7.199999999999996,0.6999999999999993,1.3000000000000007,0.059,-2.8000000000000007,19.9,-0.0089999999999999
53,Clemson,69.6,15.899999999999991,-0.059,-0.0039999999999999,0.0839999999999999,8.200000000000003,11.300000000000004,-2.5,7.1000000000000005,0.0969999999999999,1.4000000000000004,5.199999999999999,-0.034
54,Cleveland State,69.8,9.400000000000006,0.009,-0.0519999999999999,0.012,-1.7999999999999972,-6.899999999999999,4.0,4.4,0.005,-4.899999999999999,-1.3999999999999986,0.0229999999999999
55,Coastal Carolina,71.9,0.7000000000000028,0.022,-0.156,0.015,5.400000000000006,-5.700000000000003,-1.6000000000000014,4.800000000000001,0.031,2.5,3.9000000000000057,-0.0159999999999999
56,Colgate,67.6,5.1000000000000085,-0.031,-0.0099999999999999,0.02,3.799999999999997,0.1999999999999957,1.1999999999999993,-0.0999999999999996,0.027,-0.5999999999999996,3.1000000000000014,-0.027
57,College of Charleston,72.9,5.5,0.022,0.1129999999999999,-0.008,3.4000000000000057,8.0,-0.2999999999999989,-2.1999999999999997,-0.013,-2.6999999999999997,5.800000000000001,0.019
58,Colorado,71.0,21.5,0.074,-0.066,0.0989999999999999,16.799999999999997,21.0,-1.8000000000000007,-1.2999999999999998,0.0979999999999999,0.5,13.599999999999998,0.0709999999999999
59,Colorado State,69.5,22.8,0.0799999999999999,0.029,0.1099999999999999,2.799999999999997,23.7,3.1000000000000005,2.3000000000000007,0.1099999999999999,-3.5000000000000018,-1.5,0.077
60,Columbia,71.3,13.600000000000009,0.071,-0.076,0.0699999999999999,3.200000000000003,9.1,3.3000000000000007,-5.0,0.061,-1.8000000000000007,0.1000000000000014,0.073
61,Connecticut,67.3,28.90000000000001,0.0119999999999999,0.1149999999999999,0.1129999999999999,15.200000000000005,14.400000000000006,0.5999999999999996,5.800000000000001,0.1209999999999999,-2.0,12.9,0.0279999999999999
62,Coppin State,67.9,-27.90000000000001,-0.0549999999999999,-0.1079999999999999,-0.114,-15.200000000000005,-22.1,-0.6000000000000014,-0.6999999999999993,-0.123,2.3000000000000007,-13.4,-0.0429999999999999
63,Cornell,74.9,7.900000000000006,0.018,0.022,0.0699999999999999,0.7999999999999972,8.0,0.6999999999999993,-3.8,0.0619999999999999,0.8999999999999986,-2.900000000000002,0.046
64,Creighton,67.8,21.69999999999999,0.1109999999999999,0.2129999999999999,0.139,12.200000000000005,21.200000000000003,-5.2,0.5000000000000009,0.1379999999999999,5.100000000000001,6.400000000000002,0.086
65,Dartmouth,67.6,-9.299999999999995,0.087,0.072,-0.025,-0.4000000000000057,3.199999999999996,-3.6,-1.4000000000000004,-0.0379999999999999,3.0,-0.2999999999999971,0.063
66,Davidson,65.8,8.899999999999991,0.0889999999999999,0.031,0.031,2.0,-0.7999999999999972,1.299999999999999,-1.7000000000000002,0.019,-1.5,1.8999999999999984,0.0779999999999999
67,Dayton,63.4,14.5,0.164,0.104,0.1079999999999999,0.4000000000000057,9.9,0.0,2.1999999999999997,0.1019999999999999,0.5999999999999996,-3.5,0.127
68,Delaware,69.2,8.399999999999991,0.019,-0.0319999999999999,0.031,0.7999999999999972,8.700000000000003,1.4000000000000004,-3.1999999999999997,0.031,-2.0,-0.2000000000000028,0.019
69,Delaware State,72.2,-2.700000000000003,-0.0119999999999999,-0.175,-0.048,7.0,-6.400000000000006,1.8999999999999984,0.3000000000000007,-0.058,-1.0,7.899999999999999,-0.003
70,Denver,71.6,9.900000000000006,0.159,0.0159999999999999,0.0399999999999999,2.799999999999997,2.8999999999999986,0.7999999999999998,-3.1,0.021,-0.7999999999999989,1.8999999999999984,0.135
71,DePaul,68.6,-14.700000000000005,0.064,0.015,-0.017,-7.799999999999997,4.899999999999999,-3.0,-0.8999999999999986,-0.031,4.699999999999999,-9.5,0.055
72,Detroit Mercy,67.9,-25.599999999999994,-0.023,-0.011,-0.1049999999999999,-6.799999999999997,-13.799999999999995,-1.6999999999999993,-3.499999999999999,-0.109,4.699999999999999,-5.099999999999998,-0.033
73,Drake,68.5,17.60000000000001,0.026,0.0459999999999999,0.0519999999999999,3.799999999999997,18.8,1.6999999999999993,-1.6000000000000003,0.041,-5.300000000000001,2.900000000000002,0.0519999999999999
74,Drexel,66.8,13.099999999999994,0.022,-0.0269999999999999,0.047,13.400000000000006,-4.900000000000006,-0.1999999999999993,4.8,0.0509999999999999,1.1999999999999993,12.1,0.015
75,Duke,69.6,24.3,0.0789999999999999,-0.028,0.0729999999999999,6.400000000000006,2.8000000000000043,4.0,-0.5999999999999996,0.07,-5.999999999999998,5.399999999999999,0.071
76,Duquesne,69.1,10.799999999999995,0.026,0.068,0.029,4.200000000000003,0.3999999999999986,3.1,0.9000000000000004,0.03,-2.9000000000000004,4.5,0.021
77,East Carolina,67.0,4.200000000000003,0.0749999999999999,-0.0539999999999999,-0.012,3.200000000000003,-4.100000000000001,3.4000000000000004,-0.7000000000000002,-0.017,-3.1000000000000014,3.899999999999999,0.043
78,East Tennessee State,70.3,7.200000000000003,-0.032,0.06,0.013,2.200000000000003,1.0,1.3000000000000007,2.1000000000000014,0.01,-2.1999999999999997,2.8000000000000007,-0.005
79,Eastern Illinois,68.5,7.299999999999997,-0.095,-0.129,-0.024,7.799999999999997,-8.0,2.1999999999999997,-0.3000000000000007,-0.015,-4.5,10.5,-0.071
80,Eastern Kentucky,75.9,3.0999999999999943,0.001,-0.017,-0.016,5.0,-2.1000000000000014,0.0999999999999996,11.4,-0.016,-1.4000000000000004,5.799999999999997,-0.004
81,Eastern Michigan,67.4,-8.099999999999994,-0.016,-0.083,-0.006,-1.2000000000000028,-7.700000000000003,-2.6,-0.2000000000000001,-0.004,3.0,-2.599999999999998,-0.0129999999999999
82,Eastern Washington,71.7,8.0,-0.0439999999999999,0.091,0.0589999999999999,0.5999999999999943,15.499999999999991,-0.0999999999999996,-2.1,0.0749999999999999,0.7000000000000028,-1.5,-0.035
83,Elon,70.6,5.399999999999992,0.048,-0.009,0.0349999999999999,2.799999999999997,0.8000000000000043,0.4000000000000003,0.4000000000000003,0.034,1.0,1.1000000000000014,0.038
84,Evansville,72.7,10.799999999999995,0.0269999999999999,-0.1169999999999999,0.036,2.4000000000000057,0.3000000000000042,2.6,3.799999999999999,0.036,-3.6,0.8999999999999986,0.0219999999999999
85,Fairfield,70.6,4.200000000000003,0.022,0.065,0.023,-2.4000000000000057,0.5,1.8000000000000007,-1.8000000000000007,0.014,-1.5999999999999996,-3.0,0.034
86,Fairleigh Dickinson,75.8,-2.4000000000000057,-0.011,0.017,-0.014,-5.400000000000006,-0.1000000000000014,2.1000000000000014,-1.5,-0.011,-1.200000000000001,-4.899999999999999,-0.0159999999999999
87,Florida,73.6,16.799999999999997,0.076,0.0219999999999999,0.058,14.0,10.800000000000004,-2.1999999999999997,5.4,0.065,0.8000000000000007,13.499999999999996,0.042
88,Florida A&M,70.8,-25.5,-0.253,-0.1509999999999999,-0.0909999999999999,-7.200000000000003,-1.7999999999999972,-2.4000000000000004,-1.0999999999999996,-0.089,4.200000000000001,-6.4999999999999964,-0.163
89,Florida Atlantic,69.1,18.40000000000001,0.0859999999999999,0.02,0.0769999999999999,6.400000000000006,11.5,2.6999999999999997,0.2999999999999998,0.0849999999999999,-1.6999999999999993,4.099999999999998,0.0509999999999999
90,Florida Gulf Coast,65.3,-5.299999999999997,0.0,-0.01,-0.012,0.7999999999999972,-3.799999999999997,-1.6999999999999993,3.7,-0.011,2.1,0.6000000000000014,-0.004
91,Florida International,74.6,1.0999999999999943,-0.121,0.0109999999999999,-0.0329999999999999,-5.200000000000003,0.1000000000000014,5.899999999999999,-1.4000000000000004,-0.023,-4.300000000000001,-3.1000000000000014,-0.096
92,Florida State,72.9,4.199999999999989,-0.068,-0.045,0.0,-0.7999999999999972,-0.6000000000000014,4.300000000000001,5.1,0.003,-3.3000000000000007,-1.0,-0.0379999999999999
93,Fordham,72.3,3.0,-0.0309999999999999,0.12,-0.016,2.4000000000000057,8.5,0.8000000000000007,1.700000000000001,-0.005,-2.0,5.199999999999999,-0.0429999999999999
94,Fresno State,68.1,-3.799999999999997,0.0969999999999999,-0.003,0.021,1.2000000000000028,5.300000000000004,-0.6999999999999993,-2.8000000000000007,0.02,4.199999999999999,-1.6000000000000014,0.0579999999999999
95,Furman,74.9,4.5,0.061,0.1369999999999999,0.014,5.799999999999997,9.299999999999995,-1.5999999999999996,-1.8999999999999997,0.006,1.6000000000000014,6.199999999999999,0.0539999999999999
96,Gardner-Webb,71.4,0.3999999999999915,-0.0439999999999999,0.007,-0.025,3.5999999999999943,-2.5999999999999943,0.5,-3.6,-0.018,-0.9000000000000004,5.800000000000001,-0.043
97,George Mason,66.8,14.900000000000006,0.071,-0.044,0.1009999999999999,10.0,-4.200000000000003,-3.200000000000001,2.3000000000000007,0.105,3.4000000000000004,5.700000000000003,0.063
98,George Washington,73.2,10.099999999999994,0.194,0.003,0.1019999999999999,2.0,0.3999999999999986,-1.0999999999999996,3.5,0.09,3.700000000000001,-3.8000000000000007,0.147
99,Georgetown,68.2,0.1000000000000085,0.0879999999999999,0.062,0.01,1.2000000000000028,4.600000000000001,-2.6,-0.1000000000000014,-0.001,2.1,1.1000000000000014,0.066
100,Georgia,71.1,8.400000000000006,0.1529999999999999,0.021,0.054,-2.0,-1.0999999999999943,1.0,-1.0,0.0509999999999999,-0.5,-4.099999999999998,0.0999999999999999
101,Georgia Southern,69.5,-15.700000000000005,-0.156,0.0879999999999999,-0.0509999999999999,-8.599999999999994,-13.800000000000004,-2.0,-3.700000000000001,-0.044,2.8000000000000007,-7.5,-0.1079999999999999
102,Georgia State,71.0,7.900000000000006,-0.088,0.003,0.006,4.200000000000003,-3.700000000000003,0.8999999999999995,-0.5,0.005,-2.5,5.500000000000004,-0.0419999999999999
103,Georgia Tech,69.8,-0.5,0.014,-0.014,-0.001,7.0,8.299999999999997,-4.1000000000000005,2.6000000000000014,0.0009999999999999,3.1000000000000014,7.100000000000001,0.002
104,Gonzaga,72.2,21.0,0.059,-0.059,0.0799999999999999,14.200000000000005,5.399999999999999,1.200000000000001,2.5,0.09,-0.5,12.299999999999995,0.033
105,Grambling,68.7,-17.799999999999997,-0.016,-0.0879999999999999,-0.0829999999999999,-5.0,-22.8,-0.5,-0.8000000000000007,-0.093,1.1000000000000014,-3.0,-0.014
106,Grand Canyon,70.4,20.5,0.127,0.0359999999999999,0.0769999999999999,12.599999999999994,-2.0,2.0,8.600000000000001,0.071,-1.9000000000000004,10.900000000000002,0.103
107,Green Bay,63.8,-0.2999999999999971,-0.1019999999999999,0.094,0.043,0.2000000000000028,-3.700000000000003,-2.6000000000000005,-6.6,0.062,4.899999999999999,-2.6000000000000014,-0.076
108,Hampton,74.5,2.8999999999999915,-0.0419999999999999,-0.0379999999999999,0.012,5.200000000000003,3.899999999999999,-0.4000000000000003,2.2,0.023,0.8999999999999986,5.199999999999996,-0.041
109,Harvard,68.6,4.299999999999997,0.1139999999999999,-0.001,0.063,-2.799999999999997,7.100000000000001,-1.5999999999999996,0.2999999999999989,0.05,1.4000000000000004,-6.400000000000002,0.101
110,Hawaii,68.3,10.099999999999994,0.0539999999999999,0.1689999999999999,0.049,2.4000000000000057,18.300000000000004,-1.1999999999999993,0.0,0.053,-0.4000000000000003,1.5,0.036
111,High Point,69.1,18.40000000000001,0.119,0.067,0.0609999999999999,18.0,-0.6000000000000014,0.0,1.700000000000001,0.053,1.0,16.900000000000002,0.103
112,Hofstra,67.9,8.5,-0.0819999999999999,0.0759999999999999,0.0629999999999999,-4.0,4.600000000000001,0.7000000000000011,2.1,0.0769999999999999,-1.0,-6.199999999999999,-0.0579999999999999
113,Holy Cross,66.1,-16.900000000000006,-0.049,0.011,-0.0499999999999999,-4.400000000000006,-3.6000000000000014,-5.199999999999999,-4.9,-0.036,4.999999999999998,-3.6000000000000014,-0.065
114,Houston,64.7,41.10000000000001,-0.059,-0.0549999999999999,0.088,12.200000000000005,-11.6,9.8,13.5,0.1009999999999999,-13.1,13.5,-0.0219999999999999
115,Houston Christian,76.7,-17.60000000000001,0.0169999999999999,-0.12,-0.07,0.7999999999999972,-14.0,-4.800000000000001,-3.6999999999999993,-0.067,6.200000000000001,1.6999999999999993,-0.015
116,Howard,70.9,-2.299999999999997,0.006,0.02,0.0239999999999999,1.2000000000000028,1.7999999999999972,-2.1000000000000014,-2.5,0.019,4.1,-1.0,0.021
117,Idaho,67.1,2.799999999999997,-0.085,0.0299999999999999,0.005,-1.0,-4.5,0.6000000000000014,2.1999999999999997,0.009,-1.5,-1.1000000000000014,-0.052
118,Idaho State,65.9,-0.5999999999999943,-0.012,0.06,0.001,3.0,1.6000000000000014,-0.1999999999999993,3.1,0.01,1.1999999999999993,3.299999999999997,-0.0239999999999999
119,Illinois,71.6,25.700000000000003,0.093,0.1119999999999999,0.1279999999999999,16.0,3.299999999999997,-3.4000000000000004,1.6000000000000014,0.13,2.6,12.6,0.075
120,Illinois State,68.1,-0.6999999999999886,0.074,0.024,-0.019,3.5999999999999943,-1.5,0.0,-2.200000000000001,-0.024,0.200000000000001,5.199999999999999,0.041
121,Illinois-Chicago,68.5,9.800000000000011,-0.077,0.0969999999999999,0.073,1.2000000000000028,16.4,-2.1999999999999997,8.0,0.103,1.3000000000000007,-1.400000000000002,-0.0779999999999999
122,Incarnate Word,73.8,-2.9000000000000057,-0.0369999999999999,0.0509999999999999,0.009,-1.5999999999999943,-3.0,-1.1999999999999993,-0.8999999999999986,0.011,3.9,-2.3000000000000007,-0.02
123,Indiana,70.7,2.200000000000003,0.167,-0.173,0.0379999999999999,3.4000000000000057,1.8000000000000045,-2.6,5.1000000000000005,0.039,2.200000000000001,0.1000000000000014,0.098
124,Indiana State,73.3,20.5,0.1119999999999999,0.1639999999999999,0.124,1.4000000000000057,19.9,1.299999999999999,-8.0,0.128,-1.400000000000002,-4.0,0.0929999999999999
125,Iona,69.0,0.9000000000000057,-0.1119999999999999,-0.0389999999999999,-0.033,-3.0,-2.5,4.199999999999999,-2.700000000000001,-0.023,-4.4,-0.6999999999999993,-0.09
126,Iowa,75.5,12.100000000000009,0.037,-0.0459999999999999,0.0279999999999999,1.5999999999999943,10.9,2.6999999999999997,1.6999999999999993,0.02,-4.5,1.3000000000000007,0.0419999999999999
127,Iowa State,71.3,38.19999999999999,0.1009999999999999,-0.141,0.0979999999999999,10.200000000000005,5.600000000000001,8.3,5.500000000000001,0.1099999999999999,-11.4,10.200000000000005,0.0629999999999999
128,IUPUI,68.4,-12.699999999999989,0.0179999999999999,-0.0799999999999999,-0.0669999999999999,-3.4000000000000057,-14.700000000000005,1.700000000000001,-1.4000000000000004,-0.0889999999999999,-0.3000000000000007,-1.7999999999999972,0.033
129,Jackson State,71.6,-16.700000000000003,-0.077,-0.1129999999999999,-0.0879999999999999,-3.4000000000000057,-10.200000000000005,-1.200000000000001,0.1000000000000014,-0.09,1.0,-1.3000000000000007,-0.063
130,Jacksonville,72.3,2.299999999999997,0.003,-0.032,0.021,5.0,-8.900000000000006,1.5,1.5999999999999996,0.024,1.099999999999998,3.3999999999999986,0.004
131,Jacksonville State,67.3,15.0,-0.007,-0.035,0.054,10.0,1.5,0.1999999999999993,2.5,0.061,-0.6999999999999993,9.500000000000004,0.0
132,James Madison,74.5,25.8,-0.018,0.0559999999999999,0.0869999999999999,7.400000000000006,9.4,4.9,2.5,0.1039999999999999,-6.100000000000001,5.799999999999997,-0.017
133,Kansas,71.2,20.099999999999994,0.098,-0.092,0.121,8.200000000000003,26.3,0.9000000000000004,5.300000000000001,0.1189999999999999,0.200000000000001,2.299999999999997,0.0849999999999999
134,Kansas City,67.6,0.5999999999999943,-0.103,0.0429999999999999,-0.036,10.599999999999994,-1.7000000000000028,-1.6000000000000003,2.6,-0.021,-0.5,12.3,-0.0949999999999999
135,Kansas State,68.5,9.099999999999994,0.123,0.0299999999999999,0.029,8.200000000000003,11.1,-1.5,0.5,0.019,0.9000000000000004,8.299999999999997,0.089
136,Kennesaw State,78.0,9.5,-0.0729999999999999,0.101,0.026,-0.2000000000000028,7.899999999999999,1.5,-2.3000000000000007,0.043,-3.799999999999999,0.6999999999999993,-0.0619999999999999
137,Kent State,71.2,10.300000000000011,0.043,-0.06,0.0299999999999999,3.5999999999999943,-4.200000000000003,0.4000000000000003,1.5,0.008,-2.6999999999999997,3.1000000000000014,0.0749999999999999
138,Kentucky,74.2,23.5,-0.0229999999999999,-0.0479999999999999,0.0929999999999999,2.4000000000000057,3.5,4.8,9.3,0.1019999999999999,-5.4,0.0999999999999978,-0.0039999999999999
139,La Salle,67.6,6.5,-0.0289999999999999,0.0919999999999999,0.021,-4.200000000000003,4.199999999999996,4.300000000000001,0.6000000000000005,0.023,-3.1,-3.700000000000003,-0.012
140,Lafayette,67.5,-16.700000000000003,-0.09,0.0289999999999999,-0.076,-7.0,5.899999999999999,0.1000000000000014,4.9,-0.065,0.7000000000000028,-5.299999999999997,-0.083
141,Lamar,74.8,5.900000000000006,-0.0839999999999999,-0.077,0.003,6.400000000000006,-3.299999999999997,-0.2999999999999989,0.5999999999999996,0.008,-1.5,6.799999999999997,-0.0519999999999999
142,Le Moyne,71.6,0.2999999999999971,0.0,0.0309999999999999,-0.005,-12.200000000000005,2.1000000000000014,5.100000000000001,2.200000000000001,-0.009,-5.100000000000001,-11.4,0.0079999999999999
143,Lehigh,74.1,-0.3999999999999915,-0.0559999999999999,0.007,-0.017,-0.7999999999999972,3.699999999999996,1.0,-2.2,-0.01,-1.0000000000000018,0.5999999999999979,-0.044
144,Liberty,65.6,25.8,-0.06,0.1469999999999999,0.0899999999999999,7.799999999999997,19.9,-0.2999999999999989,-4.700000000000001,0.1169999999999999,-4.1,7.199999999999999,-0.064
145,Lindenwood,69.4,-6.399999999999992,-0.0339999999999999,-0.1109999999999999,-0.048,-4.0,-19.5,-0.8999999999999986,0.4000000000000003,-0.064,-1.1000000000000014,-2.1999999999999997,-0.006
146,Lipscomb,73.4,10.099999999999994,0.036,0.0429999999999999,0.0669999999999999,-1.4000000000000057,6.399999999999999,1.4999999999999991,-0.5999999999999996,0.068,-0.6999999999999993,-4.199999999999999,0.034
147,Little Rock,72.3,-1.7999999999999972,-0.067,-0.018,-0.0299999999999999,-1.2000000000000028,1.2999999999999972,2.1999999999999997,1.4000000000000004,-0.031,-2.1999999999999997,0.2999999999999971,-0.0429999999999999
148,Long Beach State,76.1,4.299999999999997,0.0459999999999999,-0.156,0.0,3.200000000000003,-9.5,1.9000000000000004,4.699999999999999,-0.008,-2.200000000000001,2.6999999999999997,0.041
149,Long Island University,73.3,-24.5,-0.126,0.033,-0.076,-13.799999999999995,-7.5,-2.3000000000000007,-6.4,-0.078,4.9,-13.4,-0.0839999999999999
150,Longwood,69.2,20.19999999999999,0.066,-0.086,0.046,16.799999999999997,-3.200000000000003,1.9000000000000004,2.499999999999999,0.0499999999999999,-3.799999999999999,16.8,0.039
151,Louisiana,69.1,8.0,-0.1659999999999999,0.076,0.016,-2.4000000000000057,-3.200000000000003,2.9000000000000004,0.6000000000000014,0.032,-4.300000000000001,-1.7000000000000028,-0.1129999999999999
152,Louisiana State,70.1,11.0,0.112,-0.059,0.0539999999999999,1.5999999999999943,-5.0,3.6,2.9000000000000004,0.057,-2.1999999999999997,-1.0,0.0699999999999999
153,Louisiana Tech,68.5,19.10000000000001,0.0929999999999999,0.022,0.074,8.200000000000003,6.0,2.9000000000000004,2.700000000000001,0.079,-1.6999999999999993,6.800000000000001,0.062
154,Louisiana-Monroe,70.1,-5.200000000000003,-0.089,-0.15,-0.043,4.400000000000006,-5.200000000000003,0.0999999999999996,0.6999999999999993,-0.0229999999999999,-0.1999999999999993,5.399999999999999,-0.0969999999999999
155,Louisville,70.2,-3.700000000000003,0.1059999999999999,-0.0439999999999999,-0.033,3.0,-9.0,-1.4999999999999991,-2.3000000000000007,-0.0509999999999999,0.200000000000001,4.5,0.0779999999999999
156,Loyola (IL),70.0,10.699999999999989,-0.0459999999999999,0.0579999999999999,0.0659999999999999,4.200000000000003,14.700000000000005,0.0,4.700000000000001,0.082,0.7000000000000011,0.6999999999999993,-0.035
157,Loyola (MD),68.0,-13.700000000000005,-0.0459999999999999,0.03,-0.035,-0.7999999999999972,4.200000000000003,-3.9,-4.9,-0.026,5.200000000000001,-0.8999999999999986,-0.0499999999999999
158,Loyola Marymount,69.0,7.400000000000006,0.014,0.131,0.036,6.0,-0.6000000000000014,-2.700000000000001,-3.1000000000000005,0.044,1.0999999999999996,4.900000000000002,0.002
159,Maine,67.8,3.799999999999997,-0.044,-0.006,0.021,-4.599999999999994,-2.6000000000000014,4.300000000000001,-1.5,0.018,-2.8000000000000007,-6.200000000000003,-0.008
160,Manhattan,70.6,-15.100000000000009,-0.033,0.0529999999999999,-0.059,-8.400000000000006,0.0,0.5999999999999996,-7.1000000000000005,-0.059,1.6999999999999993,-6.699999999999999,-0.0289999999999999
161,Marist,66.8,8.299999999999997,-0.104,-0.016,0.044,0.0,7.700000000000003,1.700000000000001,5.2,0.07,-2.3000000000000007,-2.200000000000003,-0.089
162,Marquette,70.5,16.5,0.0299999999999999,-0.01,0.0499999999999999,-1.4000000000000057,0.1000000000000014,4.0,-1.200000000000001,0.049,-6.700000000000001,-1.6999999999999993,0.032
163,Marshall,74.4,-0.0999999999999943,0.027,0.015,-0.006,1.7999999999999972,5.400000000000006,-1.299999999999999,5.0,-0.011,-0.5,2.0,0.022
164,Maryland,67.3,11.900000000000006,0.143,0.135,0.016,2.200000000000003,0.5,3.299999999999999,3.4000000000000004,0.01,-4.200000000000001,3.3999999999999986,0.0839999999999999
165,Maryland-Baltimore County,76.3,-6.5,-0.0539999999999999,0.0299999999999999,0.0,-3.0,0.6000000000000014,-4.800000000000001,1.9999999999999991,0.012,3.4000000000000004,-3.6999999999999993,-0.052
166,Maryland-Eastern Shore,68.6,-13.700000000000005,-0.1099999999999999,-0.029,-0.07,-6.200000000000003,-3.899999999999999,-0.1999999999999993,-0.4000000000000003,-0.075,0.0999999999999996,-3.5,-0.063
167,Massachusetts,72.5,17.10000000000001,-0.0219999999999999,-0.0399999999999999,0.045,4.200000000000003,8.699999999999996,5.1,0.2999999999999989,0.062,-4.899999999999999,3.899999999999999,-0.0279999999999999
168,Massachusetts-Lowell,72.6,21.90000000000001,0.074,-0.0459999999999999,0.1089999999999999,13.799999999999995,-1.7000000000000028,-2.3000000000000007,4.500000000000001,0.112,1.6000000000000014,10.500000000000004,0.059
169,McNeese State,67.2,32.099999999999994,0.035,-0.18,0.1039999999999999,8.0,-13.299999999999995,10.2,1.6999999999999993,0.1239999999999999,-8.2,6.200000000000003,0.003
170,Memphis,72.3,9.200000000000005,0.129,-0.0399999999999999,0.052,-1.2000000000000028,-4.699999999999996,2.3000000000000007,0.5,0.039,-1.400000000000002,-3.3000000000000007,0.1049999999999999
171,Mercer,67.3,-1.5,-0.138,-0.008,-0.035,-0.4000000000000057,4.800000000000004,0.8000000000000007,3.3999999999999995,-0.013,-2.0,2.099999999999998,-0.125
172,Merrimack,69.4,-2.299999999999997,0.011,0.0969999999999999,0.016,-10.799999999999995,-8.100000000000001,4.4,-1.1000000000000014,0.012,-1.0,-12.400000000000002,0.0189999999999999
173,Miami (FL),72.8,20.30000000000001,0.098,-0.078,0.1139999999999999,7.599999999999994,-1.5,1.6000000000000014,3.000000000000001,0.1089999999999999,-0.3000000000000007,3.099999999999998,0.089
174,Miami (OH),71.0,3.200000000000003,0.0559999999999999,0.0789999999999999,0.0349999999999999,-4.799999999999997,15.5,-0.5,-5.9,0.043,-0.5999999999999996,-6.0,0.026
175,Michigan,70.7,5.599999999999994,0.042,0.0879999999999999,0.0529999999999999,4.599999999999994,4.5,-3.9,-1.9000000000000004,0.0569999999999999,2.8000000000000007,2.3000000000000007,0.03
176,Michigan State,68.1,18.5,0.043,-0.1099999999999999,0.073,4.0,9.299999999999995,0.9000000000000004,8.9,0.082,-2.900000000000002,2.3999999999999986,0.0259999999999999
177,Middle Tennessee,65.3,-3.6000000000000085,0.0409999999999999,0.079,-0.023,-0.2000000000000028,-0.5,-0.200000000000001,2.1,-0.0249999999999999,1.6999999999999993,1.099999999999998,0.018
178,Milwaukee,69.2,-2.700000000000003,-0.013,0.06,-0.0389999999999999,-1.4000000000000057,-8.800000000000004,0.5,-0.7999999999999989,-0.038,-1.700000000000001,0.5,-0.0209999999999999
179,Minnesota,69.2,20.40000000000001,0.099,0.102,0.0959999999999999,10.0,20.1,-1.5,3.6,0.1029999999999999,0.1999999999999993,7.099999999999998,0.062
180,Mississippi,69.3,13.900000000000006,0.0869999999999999,-0.063,0.0699999999999999,-1.2000000000000028,8.199999999999996,3.1,10.4,0.069,-3.1999999999999997,-3.6000000000000014,0.065
181,Mississippi State,69.7,19.40000000000001,0.071,0.0539999999999999,0.081,11.799999999999995,15.1,1.8000000000000007,3.9,0.081,-0.6999999999999993,9.9,0.0639999999999999
182,Mississippi Valley State,65.3,-55.49999999999999,-0.1049999999999999,-0.184,-0.203,-15.0,-23.1,-5.1,-3.7,-0.2039999999999999,10.9,-12.8,-0.112
183,Missouri,69.5,7.599999999999994,-0.0879999999999999,0.0449999999999999,0.028,-4.0,-1.8000000000000045,3.8000000000000007,8.0,0.038,-3.4000000000000004,-4.200000000000003,-0.058
184,Missouri State,69.6,8.199999999999989,0.1159999999999999,0.0829999999999999,0.081,8.599999999999994,6.600000000000001,-3.3999999999999995,3.3999999999999986,0.077,4.700000000000001,3.6000000000000014,0.085
185,Monmouth,68.9,-3.200000000000003,-0.02,-0.083,-0.016,-3.200000000000003,-5.200000000000003,1.3000000000000007,-1.700000000000001,-0.019,-0.8999999999999986,-3.1000000000000014,-0.009
186,Montana,69.1,6.700000000000003,-0.0559999999999999,-0.006,0.024,5.200000000000003,9.1,-1.9000000000000004,0.2000000000000001,0.024,0.5,4.800000000000001,-0.0219999999999999
187,Montana State,69.8,-0.4000000000000057,-0.119,0.1579999999999999,0.004,-10.200000000000005,3.899999999999999,3.1000000000000014,-1.2999999999999998,0.007,-2.599999999999998,-9.4,-0.069
188,Morehead State,68.5,21.8,-0.0379999999999999,0.061,0.1009999999999999,17.200000000000003,14.1,-1.6999999999999993,6.9,0.126,2.5,14.6,-0.04
189,Morgan State,72.2,-10.5,-0.1069999999999999,-0.065,-0.022,-1.2000000000000028,-3.6000000000000014,-3.9,-2.1999999999999997,-0.019,3.5,-2.1000000000000014,-0.067
190,Mount St. Mary's,69.8,3.799999999999997,-0.1089999999999999,0.002,0.008,4.200000000000003,-0.6000000000000014,-1.1999999999999993,3.499999999999999,0.033,-0.5999999999999979,4.300000000000004,-0.1049999999999999
191,Murray State,66.8,0.2999999999999971,0.072,-0.002,-0.028,-0.4000000000000057,0.7000000000000028,1.1999999999999993,-2.3,-0.039,-3.6,1.8999999999999984,0.0519999999999999
192,Navy,67.7,6.800000000000011,-0.06,-0.1049999999999999,-0.006,1.0,2.5,4.7,-7.199999999999999,-0.002,-5.099999999999998,2.599999999999998,-0.035
193,NC State,69.4,13.0,-0.0429999999999999,-0.01,0.012,-0.4000000000000057,-1.1000000000000014,4.199999999999999,0.2000000000000001,0.019,-7.199999999999999,1.1999999999999993,-0.03
194,Nebraska,69.7,17.799999999999997,0.119,0.0569999999999999,0.086,6.0,13.4,0.2999999999999989,-4.4,0.079,-1.3000000000000007,3.799999999999997,0.095
195,Nevada,69.6,22.0,0.147,-0.134,0.0869999999999999,5.200000000000003,-1.6000000000000014,1.7000000000000002,5.5,0.073,-4.199999999999999,2.1999999999999997,0.134
196,Nevada-Las Vegas,68.4,13.5,0.012,0.0309999999999999,0.054,-0.5999999999999943,-1.8999999999999984,3.1999999999999997,3.700000000000001,0.061,-3.599999999999998,-1.5,0.0039999999999999
197,New Hampshire,75.2,7.099999999999994,0.013,0.07,0.034,-1.5999999999999943,2.3999999999999986,0.0,-8.8,0.0409999999999999,-0.9000000000000004,-1.8000000000000007,0.003
198,New Mexico,74.3,20.89999999999999,-0.01,-0.062,0.043,6.400000000000006,0.1000000000000014,5.300000000000001,1.8000000000000007,0.061,-7.199999999999999,7.299999999999997,-0.028
199,New Mexico State,71.0,-2.5999999999999943,-0.0849999999999999,-0.0839999999999999,0.006,0.2000000000000028,-6.5,-1.3999999999999986,2.700000000000001,0.014,0.8000000000000007,-1.400000000000002,-0.0559999999999999
200,New Orleans,75.7,-2.8999999999999915,0.0159999999999999,-0.0889999999999999,-0.028,-6.400000000000006,-14.599999999999994,2.5,-0.8999999999999995,-0.0459999999999999,-3.1,-5.100000000000001,0.035
201,Niagara,68.6,-3.200000000000003,0.021,0.007,-0.004,-3.0,6.299999999999997,-1.3000000000000007,-3.6,-0.018,0.8000000000000007,-3.0,0.039
202,Nicholls State,68.9,-4.900000000000006,0.002,0.0309999999999999,0.019,-7.599999999999994,-8.600000000000001,0.0999999999999996,-1.5,0.013,2.3000000000000007,-9.200000000000005,0.02
203,NJIT,69.9,-5.200000000000003,-0.032,0.0959999999999999,-0.017,-5.599999999999994,-2.5,-0.4000000000000003,-1.9000000000000004,-0.024,0.0,-5.400000000000002,-0.007
204,Norfolk State,68.6,8.899999999999991,-0.0429999999999999,-0.1559999999999999,0.018,1.5999999999999943,-15.599999999999994,5.100000000000001,0.5,0.014,-4.6,1.599999999999998,-0.006
205,North Alabama,70.0,1.7000000000000028,-0.071,0.002,0.002,-0.4000000000000057,-9.4,0.5999999999999996,0.2999999999999989,0.006,-0.8999999999999986,0.1999999999999993,-0.042
206,North Carolina,72.5,17.799999999999997,0.1619999999999999,-0.048,0.0649999999999999,6.0,6.100000000000001,1.200000000000001,3.4000000000000004,0.049,-3.0,4.900000000000002,0.134
207,North Carolina A&T,70.7,-22.599999999999994,0.0529999999999999,0.0579999999999999,-0.1049999999999999,-17.200000000000003,-4.0,0.0999999999999996,-3.7,-0.1299999999999999,-1.5999999999999996,-13.8,0.043
208,North Carolina Central,71.0,12.299999999999995,0.03,-0.022,0.035,-2.4000000000000057,-5.799999999999997,3.8000000000000007,-1.1999999999999993,0.045,-4.799999999999999,-2.299999999999997,0.006
209,North Dakota,68.6,1.9000000000000057,0.025,0.1119999999999999,-0.007,1.4000000000000057,1.1999999999999955,0.5999999999999996,2.5,-0.005,-0.6999999999999993,3.0,0.007
210,North Dakota State,68.1,6.299999999999997,-0.002,0.0749999999999999,0.027,3.4000000000000057,-0.2999999999999971,1.4000000000000004,-6.2,0.031,0.200000000000001,3.1999999999999997,-0.002
211,North Florida,72.3,2.200000000000003,-0.083,0.2769999999999999,-0.004,-1.2000000000000028,2.299999999999997,-0.8000000000000007,-8.0,0.003,-0.0999999999999996,1.099999999999998,-0.0559999999999999
212,North Texas,63.3,16.0,-0.032,0.0679999999999999,0.072,6.0,-1.0,0.6999999999999993,-1.6999999999999993,0.077,-1.0,4.600000000000001,-0.003
213,Northeastern,66.5,-2.700000000000003,0.135,-0.031,-0.006,4.0,4.800000000000004,0.0999999999999996,-2.1,-0.021,2.6000000000000014,3.3999999999999986,0.101
214,Northern Arizona,70.2,-15.5,-0.1449999999999999,0.009,-0.0629999999999999,-11.400000000000006,10.800000000000004,-2.3000000000000007,0.7000000000000002,-0.044,0.8999999999999986,-9.5,-0.132
215,Northern Colorado,71.2,2.3999999999999915,0.059,-0.003,0.0099999999999998,1.0,-0.1000000000000014,-1.3000000000000007,-4.000000000000001,0.012,-0.8000000000000007,0.2000000000000028,0.031
216,Northern Illinois,73.5,-0.4000000000000057,0.125,0.0379999999999999,0.033,-2.0,-11.699999999999996,-0.9000000000000004,7.300000000000001,0.038,2.6000000000000014,-4.500000000000004,0.067
217,Northern Iowa,68.5,5.5,-0.013,0.005,0.0229999999999999,3.799999999999997,8.600000000000001,-0.3000000000000007,-5.3,0.04,-0.4000000000000003,3.0,-0.036
218,Northern Kentucky,70.0,1.8000000000000114,0.122,-0.067,0.0,-2.0,-3.3999999999999986,3.200000000000001,0.5999999999999996,-0.003,-2.9000000000000004,-1.6999999999999993,0.069
219,Northwestern,65.0,10.299999999999995,-0.0809999999999999,-0.034,0.013,-3.0,4.600000000000001,4.4,1.9000000000000004,0.026,-6.5,-2.400000000000002,-0.066
220,Northwestern State,70.8,-17.900000000000006,-0.0669999999999999,0.006,-0.0909999999999999,-10.799999999999995,-8.100000000000001,0.9000000000000004,-3.0,-0.092,-0.8000000000000007,-7.800000000000004,-0.06
221,Notre Dame,64.7,-3.1000000000000085,0.007,0.1039999999999999,0.001,2.799999999999997,-1.8999999999999984,-1.299999999999999,-1.9000000000000004,-0.001,3.200000000000001,2.1999999999999997,0.0049999999999999
222,Oakland,68.3,-2.5999999999999943,-0.0289999999999999,-0.0299999999999999,-0.025,0.0,-16.800000000000004,1.5999999999999996,-2.500000000000001,-0.02,-0.5,1.3000000000000007,-0.032
223,Ohio,70.1,10.700000000000005,-0.085,-0.001,0.017,1.4000000000000057,7.700000000000003,1.7000000000000002,1.8999999999999984,0.028,-5.399999999999999,1.6999999999999993,-0.0599999999999999
224,Ohio State,67.9,19.90000000000001,0.076,0.029,0.0779999999999999,8.200000000000003,18.300000000000004,0.8999999999999995,3.6999999999999993,0.067,-1.6999999999999993,6.9999999999999964,0.084
225,Oklahoma,70.7,27.39999999999999,0.056,0.017,0.122,12.599999999999994,5.300000000000004,0.8000000000000007,0.1000000000000014,0.1299999999999999,-1.599999999999998,9.5,0.047
226,Oklahoma State,69.4,13.399999999999991,-0.0209999999999999,0.122,0.062,8.599999999999994,21.4,-2.6,1.0,0.084,0.8000000000000007,6.900000000000002,-0.034
227,Old Dominion,70.0,-8.5,-0.135,-0.122,-0.055,-4.0,-17.300000000000004,2.6999999999999997,0.8999999999999986,-0.043,-1.700000000000001,-2.3000000000000007,-0.1089999999999999
228,Omaha,68.4,5.700000000000003,0.1089999999999999,-0.07,0.01,0.4000000000000057,-8.200000000000003,0.5,-1.5,0.004,-2.5,0.8000000000000007,0.069
229,Oral Roberts,69.1,1.5,0.0529999999999999,0.0379999999999999,0.038,-9.799999999999995,-6.600000000000001,2.0,2.9000000000000004,0.037,-2.0,-12.400000000000002,0.036
230,Oregon,70.1,11.099999999999994,0.0419999999999999,0.018,0.031,2.5999999999999943,2.8999999999999986,4.299999999999999,0.200000000000001,0.036,-3.8000000000000007,2.3000000000000007,0.02
231,Oregon State,66.8,3.9000000000000057,0.0989999999999999,-0.054,0.044,2.799999999999997,-4.5,-1.3000000000000007,3.0,0.029,1.2999999999999972,-0.9000000000000021,0.096
232,Pacific,70.7,-12.599999999999994,-0.01,0.019,-0.055,-10.400000000000006,12.699999999999996,0.1000000000000014,-5.0,-0.044,0.8999999999999986,-7.700000000000003,-0.045
233,Penn State,70.9,9.900000000000006,0.0329999999999999,0.0789999999999999,0.024,-7.599999999999994,-8.399999999999999,5.1000000000000005,-0.9000000000000004,0.03,-6.099999999999998,-6.399999999999999,0.014
234,Pennsylvania,67.1,5.899999999999992,0.0509999999999999,0.0389999999999999,0.0289999999999999,6.400000000000006,6.299999999999997,-0.8999999999999986,-2.8,0.033,2.200000000000001,6.100000000000001,0.0259999999999999
235,Pepperdine,69.0,2.799999999999997,-0.0879999999999999,0.02,-0.02,6.200000000000003,4.100000000000001,-2.6999999999999997,3.1,-0.012,-0.8000000000000007,8.8,-0.069
236,Pittsburgh,69.9,19.5,0.0469999999999999,0.0519999999999999,0.049,10.200000000000005,2.3000000000000043,1.1000000000000014,3.799999999999999,0.067,-3.1,11.400000000000002,0.003
237,Portland,71.7,-5.200000000000003,0.068,-0.016,0.009,0.7999999999999972,-3.3999999999999986,-2.1999999999999997,2.799999999999999,0.001,4.300000000000001,-1.099999999999998,0.0549999999999999
238,Portland State,69.1,5.5,0.027,0.049,-0.006,1.2000000000000028,1.6999999999999955,1.9000000000000004,0.0,-0.017,-3.599999999999998,2.8000000000000007,0.035
239,Prairie View,75.3,-10.400000000000006,-0.193,-0.0879999999999999,-0.073,-9.200000000000005,-7.900000000000006,3.8000000000000007,-3.999999999999999,-0.076,-3.899999999999999,-6.599999999999998,-0.119
240,Presbyterian,71.0,8.599999999999994,-0.04,-0.0419999999999999,0.0229999999999999,2.0,4.600000000000001,1.9000000000000004,-0.0999999999999996,0.053,-2.8999999999999986,1.3999999999999986,-0.073
241,Princeton,65.3,21.599999999999994,-0.008,0.138,0.0809999999999999,7.0,8.199999999999996,1.0999999999999996,-2.5,0.0899999999999999,-2.1999999999999997,5.800000000000004,-0.002
242,Providence,70.0,14.299999999999995,0.066,0.124,0.092,5.599999999999994,17.4,-2.4000000000000004,5.299999999999999,0.106,1.5,1.5,0.0289999999999999
243,Purdue,71.3,25.60000000000001,0.186,-0.044,0.121,15.200000000000005,8.600000000000001,-2.0,5.500000000000001,0.1149999999999999,0.5,11.2,0.143
244,Purdue Fort Wayne,73.7,24.200000000000003,0.013,0.0429999999999999,0.0879999999999999,-7.0,-1.5,7.499999999999999,0.3999999999999986,0.095,-9.5,-7.300000000000001,0.0169999999999999
245,Queens (NC),74.4,-4.099999999999994,0.014,0.077,-0.0319999999999999,0.4000000000000057,4.899999999999999,-0.1000000000000014,-7.699999999999999,-0.029,0.5,2.6999999999999997,-0.006
246,Quinnipiac,73.0,7.300000000000011,0.1089999999999999,-0.02,0.038,6.799999999999997,-0.7000000000000028,0.1999999999999993,1.4000000000000004,0.014,0.7000000000000011,5.599999999999998,0.113
247,Radford,66.8,5.599999999999994,-0.0489999999999999,-0.03,0.049,0.5999999999999943,-0.7000000000000028,0.8000000000000007,3.9,0.061,1.299999999999999,-1.6999999999999993,-0.034
248,Rhode Island,68.8,1.0999999999999943,0.1089999999999999,-0.071,0.022,6.799999999999997,0.8000000000000043,-2.799999999999999,-2.4000000000000004,0.027,3.6,5.199999999999996,0.0519999999999999
249,Rice,70.0,-2.4000000000000057,0.0439999999999999,0.03,-0.015,1.4000000000000057,2.5,-1.0999999999999996,0.1999999999999993,-0.022,0.9000000000000004,2.1999999999999997,0.032
250,Richmond,68.9,13.399999999999991,-0.0269999999999999,-0.0539999999999999,0.076,-4.799999999999997,-2.299999999999997,3.3999999999999995,0.5,0.088,-3.700000000000001,-8.8,-0.0189999999999999
251,Rider,70.9,-8.199999999999989,-0.121,-0.13,-0.068,7.0,-5.600000000000001,-2.299999999999999,3.4000000000000004,-0.065,1.1999999999999993,8.900000000000002,-0.089
252,Robert Morris,70.7,-3.0999999999999943,-0.059,0.0519999999999999,-0.03,2.0,-1.6999999999999955,-2.6,-1.4000000000000004,-0.032,1.1000000000000014,4.200000000000003,-0.035
253,Rutgers,68.7,7.799999999999997,0.092,-0.033,0.01,-3.5999999999999943,2.5,2.0,7.100000000000001,0.008,-5.799999999999999,-2.8999999999999986,0.0499999999999999
254,Sacramento State,69.6,-2.0,0.006,0.1059999999999999,0.002,10.599999999999994,8.100000000000001,-4.199999999999999,-0.4000000000000003,0.001,6.0,10.5,0.0069999999999999
255,Sacred Heart,72.0,-0.2000000000000028,-0.022,-0.077,-0.01,-6.400000000000006,-10.0,4.4,6.9,-0.012,-3.6999999999999993,-6.800000000000001,-0.0089999999999999
256,Saint Francis (PA),68.1,-7.600000000000008,-0.022,-0.01,-0.036,-4.0,-2.799999999999997,0.5999999999999996,0.8000000000000007,-0.035,-0.0999999999999978,-2.799999999999997,-0.0239999999999999
257,Saint Joseph's,69.2,17.200000000000003,-0.0579999999999999,0.027,0.0899999999999999,2.799999999999997,1.8999999999999984,0.0,-1.1000000000000014,0.095,-1.8000000000000007,-0.1000000000000014,-0.0159999999999999
258,Saint Louis,70.0,-2.700000000000003,0.0939999999999999,-0.039,0.002,-3.200000000000003,-2.0,0.5999999999999996,-3.2,-0.011,1.0999999999999996,-3.900000000000002,0.0749999999999999
259,Saint Mary's (CA),64.5,18.0,-0.0869999999999999,0.071,0.0469999999999999,18.40000000000001,9.799999999999995,0.5999999999999996,5.000000000000001,0.071,-0.6999999999999993,18.9,-0.073
260,Saint Peter's,64.7,-1.1000000000000083,-0.126,-0.007,-0.048,5.599999999999994,-6.100000000000001,0.5999999999999996,0.3000000000000007,-0.0529999999999999,-2.1000000000000014,8.0,-0.0689999999999999
261,Sam Houston,71.5,-0.5999999999999943,0.008,-0.008,-0.027,1.0,-2.9000000000000057,0.0999999999999996,-3.700000000000001,-0.0369999999999999,-1.8000000000000007,3.1000000000000014,0.015
262,Samford,77.1,19.80000000000001,-0.1039999999999999,0.0439999999999999,0.0789999999999999,3.0,12.9,1.1999999999999993,0.9000000000000004,0.0979999999999999,-3.6999999999999993,2.0,-0.064
263,San Diego,72.5,1.5,-0.023,-0.062,0.006,1.4000000000000057,-7.800000000000004,-1.0,2.1999999999999997,-0.001,0.3000000000000007,1.1999999999999993,0.004
264,San Diego State,69.1,17.0,0.073,-0.0429999999999999,0.058,5.200000000000003,1.1000000000000014,3.1,4.0,0.0559999999999999,-3.299999999999999,4.399999999999999,0.059
265,San Francisco,68.1,26.3,-0.141,0.029,0.0949999999999999,12.0,12.1,3.799999999999999,5.700000000000001,0.1179999999999999,-4.5,11.1,-0.094
266,San Jose State,68.1,6.0,-0.067,0.1039999999999999,0.0369999999999999,-2.200000000000003,4.0,1.7999999999999998,2.999999999999999,0.054,-0.8999999999999986,-2.8999999999999986,-0.0569999999999999
267,Santa Clara,71.1,6.6000000000000085,-0.014,-0.02,0.0559999999999999,6.0,2.5,-3.7,2.3,0.066,3.0,3.900000000000002,-0.0139999999999999
268,Seattle,69.1,14.099999999999994,0.0179999999999999,0.021,0.06,7.400000000000006,4.0,0.5,-0.0999999999999996,0.063,-0.2999999999999971,6.199999999999999,0.021
269,Seton Hall,67.5,7.099999999999994,0.038,-0.108,0.015,7.0,-10.5,1.0,1.5,0.013,-1.4000000000000004,7.0,0.0249999999999999
270,Siena,68.5,-25.599999999999994,0.0169999999999999,-0.002,-0.1079999999999999,2.200000000000003,-1.3999999999999986,-6.6,1.200000000000001,-0.108,6.299999999999999,4.100000000000001,-0.0229999999999999
271,South Alabama,69.4,0.0,-0.014,0.027,0.01,-5.200000000000003,0.3000000000000042,-0.8000000000000007,-4.699999999999999,0.003,-1.1999999999999993,-6.200000000000003,0.0109999999999999
272,South Carolina,65.6,18.90000000000001,-0.007,0.1159999999999999,0.063,7.599999999999994,8.599999999999994,0.0,-3.3999999999999986,0.069,-2.1999999999999997,7.799999999999997,0.0029999999999999
273,South Carolina State,73.9,-15.900000000000006,-0.1379999999999999,-0.12,-0.1169999999999999,3.200000000000003,-7.700000000000003,-0.8000000000000007,-0.5999999999999996,-0.109,-0.8000000000000007,6.800000000000001,-0.1299999999999999
274,South Carolina Upstate,69.9,-0.6000000000000085,-0.14,0.015,-0.026,-5.799999999999997,5.899999999999999,2.6,0.0,-0.005,-3.200000000000001,-3.5,-0.122
275,South Dakota,71.2,2.200000000000003,0.092,-0.016,0.028,9.0,-4.5,-3.9,-4.0,0.021,3.8000000000000007,7.600000000000001,0.0669999999999999
276,South Dakota State,69.8,5.599999999999994,-0.0059999999999999,-0.027,0.033,0.7999999999999972,-5.100000000000001,0.0,1.200000000000001,0.048,0.0999999999999996,-0.7000000000000028,-0.0239999999999999
277,South Florida,71.3,9.5,0.05,-0.002,0.014,-0.2000000000000028,0.7999999999999972,1.5999999999999996,0.3999999999999986,-0.005,-4.9,0.3999999999999986,0.0689999999999999
278,Southeast Missouri State,73.1,-7.700000000000003,-0.133,0.0579999999999999,-0.052,-3.799999999999997,2.3000000000000043,-1.8999999999999997,-0.2000000000000001,-0.049,-0.1999999999999993,0.8000000000000007,-0.093
279,Southeastern Louisiana,67.9,-6.200000000000003,0.022,-0.068,-0.036,0.4000000000000057,-0.8999999999999986,-0.4000000000000003,-5.1000000000000005,-0.032,0.8999999999999986,1.0,-0.006
280,Southern,74.7,1.4000000000000057,-0.124,-0.033,-0.0399999999999999,-4.200000000000003,-7.899999999999999,5.5,-2.000000000000001,-0.034,-5.400000000000002,-1.1999999999999993,-0.0889999999999999
281,Southern California,71.5,4.300000000000011,0.0549999999999999,0.014,0.0339999999999999,1.2000000000000028,0.7000000000000028,-0.7999999999999989,2.799999999999999,0.034,0.7999999999999972,0.1999999999999993,0.041
282,Southern Illinois,66.5,17.799999999999997,0.059,0.079,0.0959999999999999,1.0,13.6,-0.5,-1.5999999999999996,0.094,-0.6999999999999993,-2.0,0.0679999999999999
283,SIU Edwardsville,65.4,3.700000000000003,0.0429999999999999,-0.047,0.008,0.0,-5.299999999999997,1.8999999999999984,5.0,0.007,-1.3000000000000007,-0.3000000000000007,0.027
284,Southern Indiana,70.5,-6.0,-0.086,0.005,-0.015,2.5999999999999943,-0.5,-1.3000000000000007,3.0,-0.004,3.3999999999999986,1.8999999999999984,-0.0699999999999999
285,Southern Methodist,68.3,20.5,-0.0439999999999999,-0.0329999999999999,0.091,8.200000000000003,0.7000000000000028,-0.0999999999999996,1.6999999999999993,0.116,-1.3999999999999986,6.300000000000001,-0.044
286,Southern Mississippi,69.3,-2.299999999999997,0.0489999999999999,-0.0879999999999999,-0.033,1.2000000000000028,-8.5,0.6000000000000014,3.8000000000000007,-0.041,-2.4000000000000004,2.3000000000000007,0.03
287,Southern Utah,71.1,1.0,0.054,0.078,-0.0299999999999999,-3.5999999999999943,-4.899999999999999,2.0,-4.6,-0.045,-4.000000000000002,-1.0,0.0499999999999999
288,St. Bonaventure,66.4,15.299999999999995,-0.06,-0.006,0.0559999999999999,6.200000000000003,-6.399999999999999,3.7,5.1000000000000005,0.058,-3.3999999999999986,5.699999999999996,-0.018
289,St. John's (NY),70.4,14.0,-0.063,0.003,0.019,10.0,6.5,1.5,5.700000000000001,0.032,-3.1000000000000014,10.7,-0.0519999999999999
290,St. Thomas,63.7,18.10000000000001,-0.0579999999999999,0.074,0.0709999999999999,2.0,4.899999999999999,0.0999999999999996,-0.9000000000000004,0.077,-3.3999999999999986,0.6999999999999993,-0.0239999999999999
291,Stanford,71.5,6.299999999999997,0.031,0.0469999999999999,0.0669999999999999,-0.4000000000000057,19.599999999999994,-1.3999999999999997,0.7000000000000002,0.068,2.6,-3.6999999999999993,0.0279999999999999
292,Stephen F. Austin,74.5,13.099999999999994,-0.0509999999999999,0.0,0.046,9.599999999999994,4.399999999999999,1.5,0.4000000000000003,0.062,-1.3000000000000007,9.299999999999995,-0.0409999999999999
293,Stetson,67.9,12.400000000000006,-0.02,0.0459999999999999,0.0829999999999999,1.5999999999999943,-2.3999999999999986,-0.8000000000000007,-0.8000000000000007,0.078,1.700000000000001,-1.3000000000000007,0.018
294,Stonehill,71.1,-23.69999999999999,-0.032,-0.0209999999999999,-0.073,-12.799999999999995,-14.300000000000004,-1.200000000000001,-8.1,-0.073,2.8000000000000007,-12.5,-0.034
295,Stony Brook,68.6,-2.300000000000012,0.0619999999999999,-0.0209999999999999,-0.023,-1.0,-11.0,0.4000000000000003,2.4000000000000004,-0.031,-1.5,-0.4000000000000021,0.041
296,Syracuse,73.4,8.099999999999994,0.0289999999999999,-0.0419999999999999,0.033,-0.2000000000000028,-3.0,3.0,6.4,0.026,-2.5000000000000018,-1.6000000000000014,0.039
297,Tarleton State,67.2,11.399999999999991,-0.067,-0.096,0.013,3.5999999999999943,-7.799999999999997,4.799999999999999,0.6000000000000014,0.007,-4.400000000000002,4.0,-0.018
298,TCU,74.1,26.099999999999994,0.0259999999999999,-0.066,0.0809999999999999,13.200000000000005,9.6,4.399999999999999,4.500000000000001,0.078,-5.4,11.5,0.044
299,Temple,70.2,0.8999999999999915,0.044,0.0569999999999999,-0.036,-0.7999999999999972,-6.300000000000004,2.1,-1.200000000000001,-0.0429999999999999,-4.500000000000002,1.900000000000002,0.0249999999999999
300,Tennessee,70.6,19.10000000000001,-0.0369999999999999,0.0259999999999999,0.075,6.400000000000006,14.199999999999996,1.5,6.800000000000001,0.076,-3.5000000000000018,4.9999999999999964,0.004
301,Tennessee State,71.9,5.299999999999997,-0.0389999999999999,0.023,0.008,-0.4000000000000057,0.5999999999999943,1.0,-2.700000000000001,0.014,-2.599999999999998,-0.3999999999999986,-0.028
302,Tennessee Tech,70.4,-8.699999999999989,0.0839999999999999,0.0,-0.009,-6.0,-4.5,-2.500000000000001,-2.5,-0.014,2.9000000000000004,-7.5,0.0499999999999999
303,Tennessee-Martin,77.6,6.200000000000003,0.037,-0.0419999999999999,0.039,4.0,-3.3999999999999986,-0.5999999999999996,-4.2,0.039,0.5999999999999996,1.8000000000000007,0.0269999999999999
304,Texas,69.2,21.39999999999999,0.011,0.016,0.0989999999999999,5.799999999999997,12.5,0.1999999999999993,5.600000000000001,0.105,-1.799999999999999,3.200000000000003,0.024
305,Texas A&M,65.8,14.5,0.0449999999999999,-0.0449999999999999,-0.012,15.200000000000005,-10.200000000000005,3.500000000000001,-3.1999999999999997,-0.017,-4.5,17.3,0.0279999999999999
306,Texas A&M-Commerce,70.8,0.7000000000000028,-0.101,0.131,0.006,-6.799999999999997,13.9,4.0,7.0,0.019,-1.3000000000000007,-6.399999999999999,-0.0759999999999999
307,Texas A&M-Corpus Christi,74.1,13.200000000000005,-0.15,-0.096,-0.004,11.0,-3.700000000000003,4.1,0.5,0.0189999999999999,-6.000000000000002,13.4,-0.119
308,Texas Southern,70.6,-18.0,-0.1889999999999999,-0.0499999999999999,-0.098,-7.200000000000003,-10.0,0.4000000000000003,-0.5999999999999996,-0.086,0.0,-4.4999999999999964,-0.1439999999999999
309,Texas State,69.0,-0.1999999999999886,-0.008,-0.071,-0.003,5.400000000000006,3.0,-0.6000000000000014,1.9000000000000004,0.009,1.8000000000000007,5.200000000000003,-0.032
310,Texas Tech,67.2,20.0,0.104,0.02,0.0799999999999999,8.200000000000003,13.9,-0.1999999999999993,-2.0,0.063,-1.8000000000000007,6.0,0.108
311,Texas-Rio Grande Valley,75.6,-7.200000000000003,0.103,-0.01,-0.041,-7.0,-4.0,1.6000000000000014,-3.0,-0.0469999999999999,-1.400000000000002,-5.399999999999999,0.0489999999999999
312,The Citadel,67.1,10.100000000000009,0.125,-0.022,0.048,8.599999999999994,-6.0,-0.6000000000000005,-3.0,0.045,1.0999999999999996,6.899999999999999,0.0809999999999999
313,Toledo,71.4,-0.2000000000000028,0.0739999999999999,-0.0849999999999999,-0.027,-2.4000000000000057,-1.2999999999999972,2.200000000000001,-0.5999999999999996,-0.0409999999999999,-3.0000000000000018,-0.9000000000000021,0.06
314,Towson,63.7,3.5999999999999943,0.061,-0.0299999999999999,-0.031,16.599999999999994,-8.800000000000004,-1.0,1.8999999999999984,-0.027,0.3000000000000007,18.5,0.0109999999999999
315,Troy,72.0,15.799999999999995,-0.025,0.0779999999999999,0.035,9.599999999999994,9.099999999999994,1.6000000000000014,-3.6000000000000014,0.034,-2.1999999999999997,10.6,0.002
316,Tulane,75.8,14.299999999999995,0.236,-0.0569999999999999,0.0919999999999999,-6.0,-0.9000000000000057,4.6,3.8,0.0819999999999999,-3.899999999999999,-11.3,0.183
317,Tulsa,72.5,15.099999999999994,0.152,0.022,0.081,-0.7999999999999972,0.0,3.4000000000000004,2.799999999999999,0.0579999999999999,-1.3000000000000007,-3.0,0.149
318,UAB,68.9,2.299999999999997,0.1019999999999999,-0.059,-0.011,6.599999999999994,-2.0,0.5,1.5999999999999996,-0.029,-0.5,7.099999999999998,0.0839999999999999
319,UC Davis,69.0,8.599999999999994,-0.023,0.0399999999999999,0.017,4.400000000000006,4.5,1.6999999999999993,3.9,0.021,-2.3000000000000007,5.899999999999999,-0.0149999999999999
320,UC Irvine,70.5,15.899999999999991,-0.0279999999999999,-0.036,0.0669999999999999,9.200000000000005,8.700000000000003,1.200000000000001,1.3000000000000007,0.082,-0.4000000000000003,6.399999999999999,-0.0239999999999999
321,UC Riverside,67.4,-3.200000000000003,-0.081,0.0909999999999999,-0.056,2.0,-0.8999999999999986,1.3999999999999997,-5.9,-0.0519999999999999,-2.700000000000001,6.0,-0.066
322,UC San Diego,68.1,12.5,0.08,0.063,0.057,-0.7999999999999972,-0.1999999999999957,3.2,-2.6000000000000014,0.046,-2.799999999999999,-2.3000000000000007,0.0779999999999999
323,UC Santa Barbara,72.2,7.5,0.143,-0.053,0.0639999999999999,12.400000000000006,7.5,-4.7,2.6999999999999997,0.0539999999999999,4.799999999999999,7.600000000000001,0.114
324,UCLA,66.2,6.400000000000006,0.003,-0.189,-0.004,7.799999999999997,1.6000000000000014,-0.1999999999999993,6.6000000000000005,-0.008,-1.5999999999999996,8.0,0.008
325,UNC Asheville,72.3,11.0,0.1089999999999999,0.042,0.0579999999999999,2.5999999999999943,12.700000000000005,-0.3000000000000007,0.7000000000000011,0.055,-0.5999999999999996,1.1000000000000014,0.083
326,UNC Greensboro,68.7,12.5,-0.075,-0.032,0.0699999999999999,3.4000000000000057,1.3999999999999986,1.799999999999999,-2.6,0.091,-0.5999999999999996,1.0,-0.06
327,UNC Wilmington,70.7,17.099999999999994,0.0339999999999999,0.032,0.0429999999999999,-1.0,-3.799999999999997,3.1,-1.0,0.039,-5.799999999999999,-1.0,0.042
328,UT Arlington,70.6,-1.2999999999999972,-0.005,0.082,-0.003,7.599999999999994,8.100000000000001,-1.5,-2.9000000000000004,-0.001,3.5,7.699999999999996,-0.007
329,Utah,71.7,17.200000000000003,0.081,-0.033,0.0919999999999999,5.799999999999997,8.100000000000001,2.000000000000001,6.4,0.091,0.5,2.0,0.069
330,Utah State,70.5,23.19999999999999,0.064,-0.0489999999999999,0.0779999999999999,10.0,12.5,2.3000000000000007,6.299999999999999,0.089,-4.200000000000001,8.899999999999999,0.036
331,Utah Tech,71.4,-6.900000000000006,-0.032,-0.046,0.0,-3.200000000000003,-1.8999999999999984,-2.799999999999999,1.8999999999999984,0.003,2.599999999999998,-4.800000000000001,-0.023
332,Utah Valley,68.9,-2.700000000000003,0.0359999999999999,-0.011,-0.019,-3.5999999999999943,3.1000000000000014,1.3999999999999986,1.1999999999999993,-0.024,-1.1999999999999993,-2.1999999999999997,0.0199999999999999
333,UTEP,73.3,9.5,0.005,-0.0409999999999999,0.005,1.7999999999999972,8.0,5.199999999999999,3.6999999999999993,0.017,-5.099999999999998,3.0,-0.0169999999999999
334,UTSA,72.8,-0.8999999999999915,0.0,0.0969999999999999,0.001,0.0,1.8999999999999984,-1.0,-1.299999999999999,0.003,1.3000000000000007,0.3000000000000007,-0.001
335,Valparaiso,69.8,-7.200000000000003,-0.0199999999999999,0.013,-0.045,-7.200000000000003,-3.200000000000003,0.0,1.9000000000000004,-0.0529999999999999,-2.3999999999999986,-5.700000000000003,-0.007
336,Vanderbilt,67.9,-3.700000000000003,0.061,0.067,-0.039,1.4000000000000057,-4.599999999999994,0.5999999999999996,-1.6999999999999993,-0.0439999999999999,-0.5999999999999996,3.8000000000000007,0.0279999999999999
337,Vermont,64.5,12.799999999999995,-0.022,0.109,0.0739999999999999,0.5999999999999943,9.200000000000005,-0.4000000000000003,1.1999999999999993,0.0879999999999999,0.3000000000000007,-1.8000000000000007,-0.021
338,Villanova,65.2,14.099999999999994,0.0549999999999999,0.07,0.043,6.200000000000003,-4.100000000000001,-0.6999999999999993,-7.8,0.024,-2.6,6.299999999999997,0.078
339,Virginia,62.0,17.200000000000003,0.0179999999999999,-0.0539999999999999,0.064,-3.0,9.999999999999991,5.1,10.6,0.079,-7.299999999999999,-4.300000000000001,-0.002
340,Virginia Commonwealth,67.2,9.100000000000009,-0.011,0.098,0.0769999999999999,5.400000000000006,12.4,-2.3000000000000007,8.5,0.08,3.5,2.0,0.015
341,VMI,71.9,-3.299999999999997,-0.096,-0.042,0.022,6.599999999999994,-3.3999999999999986,-4.799999999999999,0.5999999999999996,0.031,6.200000000000001,4.0,-0.06
342,Virginia Tech,67.9,10.700000000000005,0.103,0.039,0.0519999999999999,5.200000000000003,17.300000000000004,-0.5999999999999996,-2.1000000000000005,0.035,-1.3000000000000007,2.8000000000000007,0.105
343,Wagner,64.2,1.5,-0.0579999999999999,-0.0139999999999999,-0.039,-1.4000000000000057,-6.5,4.1,-3.3,-0.0409999999999999,-5.0,2.1999999999999997,-0.034
344,Wake Forest,69.4,18.40000000000001,0.059,0.0319999999999999,0.0859999999999999,0.5999999999999943,3.299999999999997,1.4000000000000004,2.3000000000000007,0.08,-2.9000000000000004,-2.1999999999999997,0.07
345,Washington,73.0,8.700000000000003,-0.0139999999999999,-0.0149999999999999,0.045,1.2000000000000028,4.600000000000001,-0.3999999999999994,5.2,0.043,-0.5,-1.0,0.0109999999999999
346,Washington State,67.9,15.299999999999995,-0.068,-0.011,0.048,11.599999999999994,2.200000000000003,1.3000000000000007,7.899999999999999,0.082,-1.4000000000000004,11.0,-0.0839999999999999
347,Weber State,66.6,23.39999999999999,0.1299999999999999,0.0459999999999999,0.0809999999999999,4.400000000000006,-0.6999999999999957,2.3,-4.8,0.059,-4.800000000000001,3.3000000000000007,0.133
348,West Virginia,67.5,-1.7999999999999972,0.1309999999999999,-0.0549999999999999,0.01,0.4000000000000057,3.5,-3.4000000000000004,0.4000000000000003,-0.0099999999999999,2.4000000000000004,-0.8999999999999986,0.105
349,Western Carolina,69.3,15.799999999999995,-0.037,0.1099999999999999,0.0889999999999999,7.799999999999997,8.899999999999999,-1.0999999999999996,0.6000000000000005,0.104,1.200000000000001,4.399999999999999,-0.0209999999999999
350,Western Illinois,69.2,7.200000000000003,0.1139999999999999,-0.0159999999999999,0.035,11.799999999999995,2.799999999999997,-3.3999999999999995,7.699999999999999,0.0429999999999999,2.799999999999999,11.099999999999998,0.0469999999999999
351,Western Kentucky,77.1,8.700000000000003,0.009,-0.067,0.023,4.200000000000003,-6.200000000000003,2.200000000000001,-0.5,0.0309999999999999,-2.6,4.099999999999998,-0.004
352,Western Michigan,68.5,-3.6999999999999886,0.022,-0.0239999999999999,-0.015,3.0,-5.399999999999999,-1.5,-1.6000000000000003,-0.011,2.0000000000000018,3.1000000000000014,-0.001
353,Wichita State,71.9,4.899999999999992,0.03,-0.1009999999999999,0.026,8.799999999999997,-13.5,-2.7,2.700000000000001,0.0319999999999999,1.9000000000000004,7.399999999999999,0.008
354,William & Mary,68.9,3.799999999999997,0.0529999999999999,0.0819999999999999,0.0269999999999999,2.5999999999999943,9.1,-2.3,-6.8,0.026,1.700000000000001,1.6999999999999993,0.0369999999999999
355,Winthrop,69.3,15.599999999999994,0.174,-0.0439999999999999,0.057,6.0,-4.799999999999997,-0.7999999999999989,-5.1,0.0579999999999999,-1.0999999999999996,5.299999999999997,0.108
356,Wisconsin,66.3,14.200000000000005,0.0539999999999999,-0.0379999999999999,0.023,9.0,0.3000000000000042,3.1,-4.700000000000001,0.008,-4.1,10.0,0.0639999999999999
357,Wofford,71.4,5.400000000000006,-0.038,0.025,0.018,9.400000000000006,5.600000000000001,-4.300000000000001,-0.6999999999999993,0.043,2.5,8.899999999999999,-0.061
358,Wright State,72.2,5.299999999999997,-0.008,-0.12,0.021,3.799999999999997,-7.899999999999999,0.1999999999999993,2.6000000000000005,0.0199999999999999,-1.0999999999999996,2.6999999999999997,0.003
359,Wyoming,70.4,2.6000000000000085,0.1679999999999999,-0.062,0.0279999999999999,1.4000000000000057,3.899999999999999,-3.700000000000001,-1.6999999999999993,0.019,0.8000000000000007,0.0,0.117
360,Xavier,71.4,7.400000000000006,0.036,-0.015,0.049,3.5999999999999943,6.100000000000001,1.0,-1.0,0.0459999999999999,0.5,1.7999999999999972,0.034
361,Yale,67.0,10.900000000000006,0.016,-0.0539999999999999,0.029,7.0,-4.599999999999994,1.0,1.3000000000000007,0.033,-1.8000000000000007,6.799999999999997,0.008
362,Youngstown State,71.8,16.900000000000006,-0.015,0.0229999999999999,0.062,9.400000000000006,-4.5,2.1,4.199999999999999,0.063,-1.1999999999999993,8.300000000000004,0.006
