Rk,School,G,W,L,W-L%,SRS,SOS,Unnamed: 8,W.1,L.1,Unnamed: 11,W.2,L.2,Unnamed: 14,W.3,L.3,Unnamed: 17,Tm.,Opp.,Unnamed: 20,MP,FG,FGA,FG%,3P,3PA,3P%,FT,FTA,FT%,ORB,TRB,AST,STL,BLK,TOV,PF
1,Abilene Christian,13,5,8,.385,-3.75,0.08,,0,2,,2,3,,1,4,,993,988,,525,340,744,.457,84,247,.340,224,319,.702,141,503,153,90,43,207,267
2,Air Force,13,7,6,.538,-4.66,-6.35,,0,1,,4,4,,3,1,,890,868,,525,304,702,.433,87,256,.340,173,245,.706,124,427,152,77,36,173,235
3,Akron,13,9,4,.692,5.47,1.28,,1,0,,5,0,,3,1,,995,848,,525,322,748,.430,84,261,.322,120,182,.659,118,398,158,100,27,170,231
4,Alabama,13,8,5,.615,25.99,8.99,,,,,6,1,,0,1,,1207,986,,520,343,798,.430,95,298,.319,205,287,.714,141,433,155,85,47,158,268
5,Alabama A&M,13,1,12,.077,-17.93,0.31,,,,,1,2,,0,9,,910,1147,,525,373,772,.483,129,326,.396,272,374,.727,164,524,228,124,47,190,271
6,Alabama State,13,5,8,.385,-7.41,5.59,,,,,3,1,,0,7,,948,963,,525,313,752,.416,119,356,.334,218,307,.710,137,523,186,79,48,185,196
7,Albany (NY),15,8,7,.533,-5.79,-5.58,,,,,5,0,,3,6,,1155,1119,,600,408,935,.436,73,266,.274,230,328,.701,165,532,188,119,60,196,241
8,Alcorn State,13,1,12,.077,-14.92,7.00,,,,,1,0,,0,12,,888,1143,,520,377,766,.492,159,398,.399,230,316,.728,141,497,260,86,66,154,237
9,American,14,7,7,.500,-8.44,-5.36,,1,0,,5,1,,2,6,,1033,1044,,565,376,786,.478,128,341,.375,164,239,.686,117,437,187,73,34,148,229
10,Appalachian State,13,10,3,.769,5.62,-2.11,,1,0,,6,0,,1,2,,1022,823,,525,296,815,.363,91,303,.300,140,213,.657,147,487,133,69,27,150,210
11,Arizona,13,10,3,.769,27.82,8.90,,1,1,,6,0,,2,1,,1200,954,,530,349,825,.423,113,330,.342,143,210,.681,104,405,184,94,39,194,260
12,Arizona State,13,8,5,.615,4.29,6.14,,2,0,,5,0,,2,1,,883,907,,520,340,819,.415,98,326,.301,129,187,.690,155,556,190,82,28,185,238
13,Arkansas,13,9,4,.692,9.90,3.98,,,,,8,1,,0,0,,1070,993,,530,341,817,.417,98,294,.333,213,306,.696,142,451,165,85,20,147,286
14,Arkansas State,13,4,9,.308,-3.69,-0.22,,0,1,,2,1,,1,7,,981,1026,,520,354,779,.454,64,217,.295,254,340,.747,143,490,158,110,64,131,214
15,Arkansas-Pine Bluff,13,5,8,.385,-17.73,3.71,,,,,4,1,,1,7,,1130,1161,,520,416,843,.493,119,342,.348,210,289,.727,150,500,261,92,55,179,223
16,Army,14,4,10,.286,-13.60,-7.60,,0,1,,3,4,,1,6,,847,876,,565,312,739,.422,87,280,.311,165,236,.699,104,467,165,107,46,166,212
17,Auburn,13,11,2,.846,19.25,1.10,,,,,7,0,,0,1,,1103,867,,520,290,747,.388,80,267,.300,207,278,.745,129,425,130,83,33,177,249
18,Austin Peay,15,7,8,.467,-5.48,0.44,,,,,5,1,,1,6,,1009,981,,600,339,810,.419,91,337,.270,212,299,.709,153,544,192,69,37,196,208
19,Ball State,13,8,5,.615,-6.55,-4.09,,0,1,,7,0,,1,4,,969,894,,520,333,730,.456,83,247,.336,145,205,.707,108,405,167,75,38,163,247
20,Baylor,13,11,2,.846,21.03,1.70,,,,,8,0,,0,0,,1159,901,,520,331,758,.437,78,248,.315,161,220,.732,129,373,166,88,47,174,260
21,Bellarmine,15,4,11,.267,-8.04,5.38,,,,,3,2,,1,9,,1027,1094,,600,402,892,.451,126,373,.338,164,228,.719,151,545,211,83,55,177,208
22,Belmont,14,9,5,.643,-1.23,0.24,,2,1,,5,0,,3,4,,1117,1102,,565,413,912,.453,111,355,.313,165,232,.711,159,517,220,103,42,177,236
23,Bethune-Cookman,13,5,8,.385,-14.81,-3.08,,,,,4,0,,1,6,,942,963,,520,309,723,.427,101,286,.353,244,338,.722,156,494,169,120,35,253,227
24,Binghamton,13,8,5,.615,-9.14,-4.87,,,,,6,0,,2,5,,985,922,,520,328,806,.407,108,320,.338,158,229,.690,135,445,155,88,56,133,230
25,Boise State,13,9,4,.692,11.57,6.12,,,,,7,0,,0,1,,986,853,,520,309,721,.429,75,239,.314,160,224,.714,100,395,141,72,44,162,231
26,Boston College,13,9,4,.692,9.07,1.61,,0,2,,6,2,,2,0,,1031,934,,525,336,780,.431,104,291,.357,158,202,.782,122,449,168,71,44,166,214
27,Boston University,14,5,9,.357,-8.58,-4.89,,0,1,,3,2,,2,7,,917,924,,560,314,746,.421,103,307,.336,193,277,.697,90,463,161,101,38,161,210
28,Bowling Green State,13,10,3,.769,-2.39,-6.03,,1,0,,7,1,,1,1,,980,871,,525,335,810,.414,83,259,.320,118,182,.648,122,469,138,86,46,166,245
29,Bradley,14,9,5,.643,4.98,1.60,,1,2,,5,2,,2,2,,1020,954,,570,327,812,.403,93,295,.315,207,294,.704,164,506,144,109,32,180,235
30,Brigham Young,13,12,1,.923,28.04,-0.80,,,,,9,0,,0,1,,1175,800,,520,308,766,.402,67,261,.257,117,176,.665,98,397,149,75,22,170,184
31,Brown,15,4,11,.267,-7.94,-3.08,,,,,2,3,,1,6,,1042,1069,,611,384,872,.440,110,317,.347,191,283,.675,131,534,197,97,62,185,281
32,Bryant,15,8,7,.533,-4.14,-0.14,,,,,4,1,,3,6,,1193,1150,,610,399,1016,.393,111,350,.317,241,354,.681,210,677,199,109,52,191,264
33,Bucknell,14,4,10,.286,-9.26,-0.90,,1,0,,2,4,,2,6,,875,992,,560,358,773,.463,118,334,.353,158,225,.702,130,458,215,96,46,151,226
34,Buffalo,13,2,11,.154,-12.34,-0.09,,1,0,,1,5,,1,4,,883,1024,,520,380,801,.474,101,295,.342,163,240,.679,131,452,209,116,44,142,206
35,Butler,14,10,4,.714,13.60,4.45,,1,2,,8,0,,0,3,,1151,1006,,580,383,912,.420,109,351,.311,131,197,.665,168,511,182,99,60,175,231
36,Cal Poly,14,4,10,.286,-11.61,-1.14,,0,2,,3,2,,0,7,,900,1018,,575,345,776,.445,92,261,.352,236,331,.713,162,535,154,86,46,174,262
37,Cal State Bakersfield,13,5,8,.385,-9.26,-0.62,,0,2,,4,1,,0,6,,905,919,,520,314,702,.447,97,269,.361,194,272,.713,137,439,166,62,34,168,211
38,Cal State Fullerton,14,8,6,.571,-6.55,0.20,,1,1,,4,1,,3,4,,949,950,,565,339,801,.423,100,315,.317,172,256,.672,154,504,178,93,47,191,259
39,Cal State Northridge,14,11,3,.786,-0.78,-7.78,,2,0,,5,1,,6,2,,1129,976,,560,325,841,.386,104,371,.280,222,314,.707,126,439,183,121,52,202,264
40,California,14,4,10,.286,1.98,3.98,,0,3,,4,4,,0,2,,1060,1088,,575,380,838,.453,118,319,.370,210,281,.747,126,471,175,94,43,156,237
41,California Baptist,13,8,5,.615,-1.43,-4.16,,1,1,,6,3,,2,2,,909,852,,520,317,737,.430,75,211,.355,143,202,.708,99,426,140,67,36,149,262
42,Campbell,13,6,7,.462,-10.90,-5.90,,,,,6,2,,0,5,,890,831,,525,301,731,.412,82,299,.274,147,204,.721,136,427,160,89,38,171,231
43,Canisius,12,6,6,.500,0.99,0.99,,1,1,,3,1,,1,4,,924,884,,480,326,744,.438,65,234,.278,167,250,.668,146,433,145,81,49,143,199
44,Central Arkansas,16,4,12,.250,-16.48,-3.91,,,,,3,4,,1,8,,1150,1217,,640,424,955,.444,139,384,.362,230,336,.685,195,621,212,129,53,212,249
45,Central Connecticut State,13,6,7,.462,-7.49,-4.22,,,,,3,2,,3,5,,955,873,,520,323,747,.432,83,255,.325,144,218,.661,135,456,181,94,36,192,198
46,Central Florida,12,9,3,.750,11.62,-2.80,,,,,7,2,,0,1,,943,770,,485,254,658,.386,75,242,.310,187,255,.733,108,405,132,99,39,205,235
47,Central Michigan,13,5,8,.385,-14.63,-0.96,,0,1,,3,2,,1,5,,849,989,,520,352,753,.467,104,306,.340,181,231,.784,136,478,205,84,44,175,195
48,Charleston Southern,14,4,10,.286,-16.44,-0.62,,0,1,,4,3,,0,7,,982,1056,,560,389,847,.459,80,252,.317,198,274,.723,149,497,159,98,28,132,207
49,Charlotte,13,6,7,.462,4.60,4.35,,0,1,,5,1,,0,4,,878,828,,525,298,711,.419,85,259,.328,147,196,.750,116,421,142,70,37,145,200
50,Chattanooga,14,8,6,.571,-5.73,-3.81,,0,1,,6,1,,2,5,,1099,1016,,570,368,867,.424,124,365,.340,156,238,.655,145,478,183,89,42,159,240
51,Chicago State,21,7,14,.333,-9.46,-2.61,,,,,3,5,,3,8,,1332,1476,,845,533,1135,.470,125,410,.305,285,407,.700,231,758,272,141,65,308,365
52,Cincinnati,13,11,2,.846,15.52,-0.71,,,,,10,0,,1,1,,1067,856,,525,308,759,.406,83,266,.312,157,209,.751,90,393,153,73,58,150,215
53,Clemson,13,11,2,.846,17.26,6.18,,1,1,,6,0,,2,2,,1069,925,,520,319,781,.408,104,320,.325,183,252,.726,120,424,148,85,30,122,203
54,Cleveland State,15,10,5,.667,-0.41,-3.12,,3,1,,8,0,,2,5,,1151,1052,,600,382,862,.443,95,319,.298,193,314,.615,203,567,200,99,49,232,270
55,Coastal Carolina,12,3,9,.250,-9.35,-3.35,,0,1,,3,8,,0,1,,952,946,,485,322,799,.403,133,401,.332,169,241,.701,171,461,179,90,38,127,194
56,Colgate,14,7,7,.500,0.27,2.58,,1,0,,4,1,,1,5,,978,930,,560,344,811,.424,106,331,.320,136,202,.673,122,475,193,83,39,165,180
57,College of Charleston,13,9,4,.692,3.28,2.03,,,,,6,0,,2,1,,1021,969,,520,351,800,.439,100,298,.336,167,230,.726,127,488,153,91,48,169,236
58,Colorado,13,11,2,.846,18.27,2.89,,2,0,,9,0,,0,1,,1095,895,,525,320,759,.422,88,274,.321,167,227,.736,103,359,128,105,39,171,249
59,Colorado State,14,13,1,.929,19.41,7.33,,1,0,,8,1,,2,0,,1177,955,,560,352,807,.436,94,291,.323,157,216,.727,124,431,158,75,34,187,242
60,Columbia,12,8,4,.667,-4.58,-6.68,,,,,6,1,,2,3,,943,827,,480,297,730,.407,96,328,.293,137,189,.725,131,411,160,77,51,168,196
61,Connecticut,14,12,2,.857,19.42,-0.08,,2,1,,8,0,,0,2,,1164,891,,560,316,788,.401,81,238,.340,178,263,.677,129,405,148,80,40,160,247
62,Coppin State,14,1,13,.071,-21.38,-2.45,,,,,1,2,,0,10,,761,1026,,560,360,793,.454,111,328,.338,195,265,.736,179,558,221,126,48,208,199
63,Cornell,13,10,3,.769,2.55,-2.12,,,,,3,0,,5,3,,1095,1018,,520,372,830,.448,120,362,.331,154,255,.604,161,462,190,107,41,185,233
64,Creighton,14,10,4,.714,20.50,5.64,,1,2,,6,1,,3,2,,1140,932,,565,380,922,.412,76,257,.296,96,128,.750,134,436,142,96,33,106,199
65,Dartmouth,13,4,9,.308,-14.33,-2.60,,,,,4,2,,0,7,,800,882,,520,336,774,.434,96,295,.325,114,163,.699,106,463,155,94,39,139,218
66,Davidson,14,10,4,.714,3.12,1.12,,0,1,,7,1,,1,2,,1006,924,,560,338,789,.428,114,339,.336,134,201,.667,126,467,184,81,38,162,244
67,Dayton,13,11,2,.846,14.18,5.02,,1,0,,6,0,,2,1,,965,846,,520,318,768,.414,93,273,.341,117,163,.718,150,422,164,75,36,136,213
68,Delaware,13,8,5,.615,0.96,-2.63,,,,,2,2,,4,1,,1004,928,,525,336,770,.436,95,285,.333,161,230,.700,128,449,154,74,55,154,203
69,Delaware State,16,7,9,.438,-11.67,-3.67,,,,,3,2,,2,6,,1162,1194,,660,413,915,.451,147,376,.391,221,316,.699,130,497,224,117,42,247,285
70,Denver,16,10,6,.625,0.33,-1.34,,1,1,,6,1,,3,4,,1361,1246,,650,462,1044,.443,116,349,.332,206,299,.689,188,595,208,85,81,164,328
71,DePaul,13,3,10,.231,-3.69,6.39,,0,2,,3,6,,0,2,,859,990,,520,362,785,.461,98,275,.356,168,237,.709,147,469,196,90,42,144,236
72,Detroit Mercy,15,0,15,.000,-18.04,-0.64,,0,4,,0,3,,0,12,,909,1170,,600,419,878,.477,128,323,.396,204,276,.739,160,551,240,108,47,162,232
73,Drake,14,12,2,.857,9.17,-2.37,,3,0,,8,0,,1,1,,1111,941,,565,346,780,.444,96,292,.329,153,232,.659,120,450,135,76,33,197,237
74,Drexel,14,8,6,.571,1.57,-2.74,,1,0,,5,1,,2,5,,1016,892,,565,325,822,.395,90,288,.313,152,211,.720,129,439,163,86,39,148,221
75,Duke,13,10,3,.769,21.10,4.18,,1,1,,8,1,,0,2,,1086,866,,520,316,734,.431,89,273,.326,145,206,.704,106,409,172,59,62,175,227
76,Duquesne,13,9,4,.692,6.45,2.37,,0,1,,6,1,,1,2,,994,897,,520,312,740,.422,93,266,.350,180,257,.700,140,450,156,73,47,180,238
77,East Carolina,14,7,7,.500,-1.14,-1.83,,0,1,,7,4,,0,2,,1028,989,,560,348,787,.442,106,335,.316,187,261,.716,156,480,180,83,43,184,257
78,East Tennessee State,14,9,5,.643,-2.67,-1.92,,1,0,,6,0,,2,5,,1019,949,,560,322,809,.398,85,293,.290,220,320,.688,169,541,146,91,48,193,259
79,Eastern Illinois,14,6,8,.429,-11.51,-1.01,,0,1,,5,1,,0,7,,979,909,,560,314,739,.425,99,295,.336,182,249,.731,104,454,192,91,59,204,191
80,Eastern Kentucky,13,4,9,.308,-10.85,1.95,,,,,4,3,,0,6,,1069,1038,,525,375,855,.439,130,327,.398,158,235,.672,159,506,199,108,32,183,207
81,Eastern Michigan,13,7,6,.538,-11.10,-2.91,,0,1,,5,1,,2,4,,897,969,,525,352,783,.450,97,307,.316,168,245,.686,140,459,173,90,34,131,212
82,Eastern Washington,14,7,7,.500,0.46,3.79,,2,0,,4,0,,3,7,,1095,1015,,560,352,817,.431,98,297,.330,213,293,.727,137,465,178,92,45,188,250
83,Elon,13,7,6,.538,-9.89,-4.80,,,,,5,0,,0,6,,1047,998,,520,365,805,.453,102,311,.328,166,233,.712,150,441,171,79,42,149,217
84,Evansville,14,10,4,.714,1.99,-1.25,,1,2,,6,0,,3,4,,1121,1009,,570,362,869,.417,127,379,.335,158,225,.702,132,505,188,78,45,193,227
85,Fairfield,13,7,6,.538,-5.94,-5.27,,1,1,,3,2,,4,3,,962,923,,520,345,795,.434,90,277,.325,143,203,.704,157,487,175,93,41,185,209
86,Fairleigh Dickinson,14,6,8,.429,-15.56,-4.89,,,,,3,2,,3,5,,1131,1157,,560,406,896,.453,130,367,.354,215,296,.726,174,572,231,98,42,195,257
87,Florida,13,10,3,.769,15.16,2.55,,,,,6,0,,0,1,,1122,958,,530,343,837,.410,92,270,.341,180,265,.679,146,445,149,114,41,157,253
88,Florida A&M,11,2,9,.182,-13.13,11.99,,,,,1,2,,1,6,,716,919,,450,304,652,.466,104,266,.391,207,306,.676,131,437,167,94,47,131,147
89,Florida Atlantic,14,11,3,.786,18.88,5.95,,1,0,,5,1,,0,1,,1161,980,,570,359,848,.423,104,305,.341,158,222,.712,156,464,142,82,33,182,244
90,Florida Gulf Coast,15,6,9,.400,-6.19,1.89,,,,,4,1,,1,5,,1026,1078,,605,387,875,.442,128,353,.363,176,258,.682,162,515,203,105,35,155,239
91,Florida International,15,5,10,.333,-6.63,-1.06,,,,,4,3,,1,4,,1168,1155,,605,398,848,.469,121,339,.357,238,348,.684,176,573,221,110,64,281,252
92,Florida State,13,7,6,.538,7.78,4.70,,1,1,,5,3,,0,2,,996,956,,525,321,752,.427,97,295,.329,217,328,.662,154,485,159,78,36,199,251
93,Fordham,14,7,7,.500,-0.38,-2.67,,1,0,,4,4,,1,1,,1067,1035,,580,352,809,.435,81,235,.345,250,350,.714,145,523,161,115,52,223,283
94,Fresno State,14,7,7,.500,-3.52,0.17,,0,1,,5,2,,1,3,,975,1012,,570,383,855,.448,106,298,.356,140,211,.664,146,467,168,99,47,162,241
95,Furman,14,6,8,.429,-1.20,-0.75,,0,1,,5,1,,1,5,,1169,1121,,570,420,904,.465,109,305,.357,172,256,.672,135,499,213,122,45,174,246
96,Gardner-Webb,15,5,10,.333,-4.35,3.56,,,,,4,1,,0,6,,1099,1094,,611,383,891,.430,102,323,.316,226,328,.689,135,561,183,87,61,176,252
97,George Mason,14,12,2,.857,7.26,-1.66,,1,0,,8,0,,3,1,,1056,916,,560,314,831,.378,114,337,.338,174,248,.702,145,449,162,101,47,135,247
98,George Washington,14,11,3,.786,1.39,-5.84,,0,1,,9,1,,0,1,,1164,1055,,590,397,1017,.390,126,405,.311,135,185,.730,192,549,191,104,53,166,247
99,Georgetown,14,7,7,.500,0.48,0.41,,0,3,,6,4,,1,3,,1018,1017,,570,384,857,.448,89,298,.299,160,233,.687,165,496,186,113,47,166,235
100,Georgia,13,10,3,.769,7.54,1.54,,,,,9,0,,1,0,,980,902,,520,323,822,.393,94,312,.301,162,225,.720,161,512,169,77,45,156,257
101,Georgia Southern,13,1,12,.077,-12.96,-2.04,,1,0,,1,2,,0,7,,875,1017,,520,348,754,.462,108,294,.367,213,302,.705,162,503,192,114,55,167,190
102,Georgia State,12,6,6,.500,-5.13,-1.03,,1,0,,4,1,,2,5,,959,891,,485,309,703,.440,75,258,.291,198,276,.717,115,423,156,63,43,140,208
103,Georgia Tech,13,8,5,.615,4.50,4.81,,1,1,,5,1,,1,3,,931,935,,525,332,808,.411,93,321,.290,178,259,.687,145,465,140,100,48,129,237
104,Gonzaga,13,9,4,.692,14.25,3.33,,,,,6,1,,0,1,,1086,889,,520,319,816,.391,92,303,.304,159,216,.736,134,418,142,81,41,153,231
105,Grambling,13,3,10,.231,-16.79,5.81,,,,,3,0,,0,8,,848,1007,,523,364,747,.487,109,268,.407,170,240,.708,125,434,222,99,37,160,192
106,Grand Canyon,13,12,1,.923,10.55,-0.95,,2,0,,7,0,,2,0,,1074,886,,520,318,760,.418,84,256,.328,166,235,.706,133,400,152,90,27,179,259
107,Green Bay,15,8,7,.533,-4.61,-0.61,,3,1,,6,1,,2,5,,992,995,,605,345,830,.416,94,296,.318,211,297,.710,152,487,180,100,59,145,221
108,Hampton,13,4,9,.308,-16.52,-2.82,,0,1,,3,2,,0,5,,1030,1002,,520,341,800,.426,100,327,.306,220,290,.759,136,457,157,102,27,169,221
109,Harvard,13,9,4,.692,-1.33,-2.25,,,,,6,1,,3,3,,954,915,,525,346,836,.414,98,328,.299,125,201,.622,171,497,164,86,49,144,222
110,Hawaii,13,8,5,.615,3.24,-1.31,,0,1,,6,4,,0,0,,951,860,,525,322,742,.434,61,190,.321,155,224,.692,114,433,106,77,31,161,231
111,High Point,16,12,4,.750,3.11,-4.18,,1,0,,8,0,,2,3,,1365,1160,,650,411,947,.434,120,337,.356,218,298,.732,132,463,194,85,42,159,340
112,Hofstra,13,7,6,.538,5.41,3.50,,,,,3,1,,1,5,,1001,925,,525,324,780,.415,111,313,.355,166,222,.748,151,477,173,73,35,160,185
113,Holy Cross,14,3,11,.214,-19.16,-5.00,,0,1,,1,3,,1,7,,918,1074,,560,388,840,.462,124,323,.384,174,231,.753,149,506,198,104,61,122,184
114,Houston,13,13,0,1.000,28.22,1.68,,,,,8,0,,1,0,,987,642,,520,212,614,.345,71,261,.272,147,239,.615,130,419,133,64,32,239,222
115,Houston Christian,11,2,9,.182,-16.36,8.19,,,,,2,2,,0,7,,766,915,,440,338,746,.453,91,282,.323,148,208,.712,131,442,202,110,62,120,181
116,Howard,15,5,10,.333,-6.11,-1.54,,,,,3,2,,2,6,,1157,1182,,620,420,929,.452,107,324,.330,235,348,.675,182,533,211,119,54,184,283
117,Idaho,15,7,8,.467,-6.92,-2.23,,1,1,,5,4,,1,4,,1071,1042,,605,355,824,.431,120,329,.365,212,306,.693,141,525,198,93,47,182,238
118,Idaho State,14,4,10,.286,-9.38,-1.38,,0,2,,3,2,,1,7,,967,973,,565,366,775,.472,70,227,.308,171,231,.740,119,428,166,103,32,169,233
119,Illinois,13,11,2,.846,20.87,2.49,,2,0,,8,1,,1,1,,1091,852,,520,321,850,.378,80,257,.311,130,195,.667,138,425,132,87,39,128,235
120,Illinois State,14,8,6,.571,-3.42,-1.50,,2,1,,6,1,,1,3,,963,969,,560,346,794,.436,104,301,.346,173,239,.724,123,479,174,87,44,169,268
121,Illinois-Chicago,14,7,7,.500,1.85,-1.46,,0,3,,3,3,,2,3,,996,902,,560,318,815,.390,67,260,.258,199,270,.737,147,491,131,98,44,166,203
122,Incarnate Word,13,5,8,.385,-12.31,-5.22,,,,,3,1,,2,6,,981,1009,,520,354,802,.441,87,288,.302,214,294,.728,150,486,190,103,56,159,215
123,Indiana,14,10,4,.714,4.90,3.33,,2,1,,8,1,,1,1,,1062,1040,,560,364,866,.420,132,378,.349,180,245,.735,148,469,200,108,41,158,298
124,Indiana State,14,12,2,.857,14.54,0.69,,3,0,,6,0,,2,2,,1220,1010,,560,378,869,.435,87,275,.316,167,230,.726,146,470,148,86,52,195,258
125,Iona,13,6,7,.462,-0.01,-0.62,,1,1,,3,2,,2,2,,930,922,,520,307,690,.445,99,296,.334,209,302,.692,134,477,172,81,58,195,214
126,Iowa,14,8,6,.571,13.41,4.34,,0,3,,6,1,,0,4,,1214,1087,,560,398,894,.445,112,318,.352,179,257,.696,156,528,197,89,55,194,250
127,Iowa State,13,11,2,.846,24.21,-2.95,,,,,9,0,,1,0,,1121,768,,520,255,672,.379,102,309,.330,156,217,.719,107,400,145,79,34,250,259
128,IUPUI,15,5,10,.333,-19.75,-5.58,,1,3,,4,3,,1,5,,1018,1150,,605,421,844,.499,109,299,.365,199,287,.693,147,493,232,95,42,208,262
129,Jackson State,13,4,9,.308,-8.66,3.27,,,,,0,0,,2,9,,894,1049,,520,354,758,.467,128,342,.374,213,306,.696,151,502,222,105,53,176,232
130,Jacksonville,14,9,5,.643,-11.73,-2.01,,,,,6,0,,2,5,,1057,1033,,565,354,846,.418,105,326,.322,220,320,.688,169,488,192,111,45,195,264
131,Jacksonville State,15,8,7,.533,-0.98,-3.23,,,,,4,3,,3,4,,1089,936,,605,333,819,.407,80,274,.292,190,272,.699,130,468,143,100,51,201,262
132,James Madison,13,13,0,1.000,10.82,-4.68,,1,0,,6,0,,5,0,,1193,936,,535,334,804,.415,80,263,.304,188,266,.707,145,451,142,78,36,213,229
133,Kansas,13,12,1,.923,17.70,4.45,,,,,7,0,,1,0,,1035,849,,520,312,815,.383,100,331,.302,125,184,.679,132,429,146,92,37,160,218
134,Kansas City,16,6,10,.375,-8.78,-1.01,,1,1,,5,0,,1,7,,1120,1114,,645,379,864,.439,107,319,.335,249,345,.722,137,510,203,102,49,198,290
135,Kansas State,13,10,3,.769,8.75,2.29,,,,,8,1,,1,0,,986,902,,540,328,804,.408,103,305,.338,143,197,.726,145,452,155,103,50,170,243
136,Kennesaw State,14,9,5,.643,-5.97,-4.16,,,,,5,0,,2,5,,1197,1092,,565,374,889,.421,89,311,.286,255,364,.701,174,581,179,103,73,220,281
137,Kent State,13,8,5,.615,4.71,1.62,,1,0,,5,2,,1,2,,1041,944,,530,332,756,.439,108,321,.336,172,260,.662,137,436,178,98,32,200,256
138,Kentucky,12,10,2,.833,19.20,1.54,,,,,7,1,,1,0,,1093,881,,485,312,755,.413,101,324,.312,156,225,.693,131,438,170,65,33,170,198
139,La Salle,14,9,5,.643,-3.10,-2.95,,0,1,,7,2,,1,3,,1074,1010,,580,374,848,.441,94,276,.341,168,242,.694,154,531,195,59,40,171,222
140,Lafayette,14,2,12,.143,-13.79,-0.41,,1,0,,2,4,,0,6,,818,976,,560,343,797,.430,110,309,.356,180,242,.744,146,536,177,101,37,179,201
141,Lamar,13,6,7,.462,-8.38,-6.83,,,,,4,1,,0,6,,1072,1014,,525,333,776,.429,119,338,.352,229,326,.702,142,463,208,105,57,194,243
142,Le Moyne,14,5,9,.357,-14.45,-4.09,,,,,4,0,,1,9,,1034,1031,,560,381,858,.444,128,380,.337,141,196,.719,173,574,228,92,37,227,179
143,Lehigh,12,3,9,.250,-7.42,0.98,,0,1,,2,2,,1,7,,880,884,,480,317,719,.441,90,266,.338,160,223,.717,102,449,140,86,37,164,186
144,Liberty,15,11,4,.733,7.62,1.03,,,,,6,1,,1,1,,1174,920,,600,335,826,.406,81,274,.296,169,225,.751,124,477,136,85,49,176,222
145,Lindenwood,14,6,8,.429,-16.15,-3.70,,0,1,,3,3,,1,5,,940,1002,,560,338,753,.449,105,318,.330,221,317,.697,121,492,186,94,43,180,267
146,Lipscomb,15,9,6,.600,1.15,-0.85,,,,,5,0,,2,5,,1209,1098,,600,413,971,.425,111,368,.302,161,230,.700,170,557,173,85,52,193,241
147,Little Rock,15,7,8,.467,-6.47,-5.14,,1,1,,6,3,,1,4,,1188,1208,,610,406,885,.459,109,321,.340,287,393,.730,172,563,191,72,54,204,279
148,Long Beach State,14,9,5,.643,-0.74,-0.32,,1,1,,3,1,,5,2,,1120,1074,,565,378,870,.434,127,397,.320,191,291,.656,160,515,224,112,43,223,284
149,Long Island University,12,1,11,.083,-19.27,-1.27,,,,,0,2,,0,9,,754,970,,480,343,721,.476,64,216,.296,220,316,.696,142,497,183,108,52,147,182
150,Longwood,16,12,4,.750,-0.01,-7.47,,0,1,,8,0,,4,4,,1237,1008,,655,355,886,.401,106,340,.312,192,283,.678,128,469,176,104,39,243,314
151,Louisiana,13,7,6,.538,-0.91,-0.64,,0,1,,4,0,,1,5,,1002,930,,520,326,716,.455,68,224,.304,210,297,.707,154,454,163,90,55,198,194
152,Louisiana State,13,8,5,.615,5.70,-2.07,,,,,6,2,,0,1,,998,897,,525,308,763,.404,117,334,.350,164,224,.732,157,451,153,100,45,206,233
153,Louisiana Tech,15,10,5,.667,7.13,2.13,,,,,8,0,,2,5,,1152,954,,605,331,862,.384,104,308,.338,188,271,.694,156,507,155,95,52,199,280
154,Louisiana-Monroe,12,4,8,.333,-13.04,-1.04,,0,2,,3,2,,1,6,,824,868,,480,280,686,.408,105,320,.328,203,277,.733,136,433,182,91,47,162,199
155,Louisville,13,5,8,.385,-3.00,-0.39,,0,2,,5,3,,0,3,,948,982,,525,357,780,.458,88,281,.313,180,246,.732,128,459,190,85,54,153,262
156,Loyola (IL),14,9,5,.643,2.93,-1.22,,1,0,,7,1,,1,2,,1045,940,,560,320,806,.397,104,294,.354,196,282,.695,130,471,161,92,47,169,211
157,Loyola (MD),14,2,12,.143,-14.91,-2.14,,0,1,,1,3,,1,8,,918,1050,,570,379,840,.451,108,311,.347,184,266,.692,147,507,201,119,58,149,230
158,Loyola Marymount,14,7,7,.500,1.65,-0.66,,,,,5,3,,1,1,,1045,974,,560,353,822,.429,73,232,.315,195,262,.744,130,456,168,90,50,149,249
159,Maine,15,8,7,.533,-6.26,-5.26,,,,,3,1,,3,6,,1032,994,,600,361,830,.435,90,279,.323,182,278,.655,149,527,195,87,50,205,230
160,Manhattan,11,4,7,.364,-14.44,-1.44,,1,1,,2,2,,2,5,,718,836,,445,319,700,.456,84,240,.350,114,155,.735,123,451,183,83,51,133,142
161,Marist,11,7,4,.636,-3.45,-9.00,,2,0,,3,1,,4,3,,730,669,,440,223,565,.395,65,225,.289,158,229,.690,94,367,96,74,23,158,170
162,Marquette,14,11,3,.786,20.09,8.45,,2,1,,8,0,,1,2,,1092,929,,560,333,800,.416,112,352,.318,151,216,.699,141,491,185,84,40,227,214
163,Marshall,15,7,8,.467,-2.15,0.28,,2,0,,4,3,,2,2,,1138,1139,,600,411,969,.424,116,354,.328,201,285,.705,178,594,211,114,45,194,255
164,Maryland,14,9,5,.643,7.02,-1.05,,1,2,,8,1,,1,2,,1004,891,,565,318,782,.407,73,208,.351,182,248,.734,158,503,144,79,44,201,290
165,Maryland-Baltimore County,15,5,10,.333,-13.91,-7.20,,,,,4,3,,1,7,,1185,1260,,600,461,994,.464,105,323,.325,233,321,.726,177,585,201,135,38,177,245
166,Maryland-Eastern Shore,12,3,9,.250,-16.89,2.11,,,,,3,1,,0,8,,783,897,,485,320,692,.462,86,258,.333,171,249,.687,130,457,173,87,38,153,156
167,Massachusetts,13,10,3,.769,9.56,-2.98,,1,0,,7,1,,0,1,,1089,926,,525,307,755,.407,88,282,.312,224,311,.720,154,457,154,76,46,201,259
168,Massachusetts-Lowell,13,9,4,.692,-1.33,-5.93,,,,,4,1,,5,3,,1050,843,,520,317,819,.387,72,286,.252,137,196,.699,134,413,146,111,38,164,227
169,McNeese State,13,11,2,.846,8.69,0.36,,,,,7,0,,3,2,,1050,769,,520,267,728,.367,107,359,.298,128,178,.719,138,427,157,54,49,199,203
170,Memphis,13,11,2,.846,12.92,6.16,,,,,6,0,,3,1,,1031,943,,525,336,828,.406,110,351,.313,161,223,.722,173,496,174,95,56,186,254
171,Mercer,14,7,7,.500,-6.76,-1.85,,0,1,,5,2,,1,4,,979,993,,560,331,733,.452,87,258,.337,244,335,.728,131,480,152,94,39,180,228
172,Merrimack,14,6,8,.429,-3.59,0.41,,,,,4,0,,1,7,,965,988,,565,353,822,.429,92,261,.352,190,270,.704,191,545,203,99,42,221,221
173,Miami (FL),13,11,2,.846,15.51,0.75,,2,0,,9,0,,0,1,,1111,919,,520,351,843,.416,103,379,.272,114,153,.745,141,425,194,92,39,174,202
174,Miami (OH),13,6,7,.462,-6.98,-1.61,,0,1,,5,2,,1,5,,972,942,,520,342,766,.446,73,251,.291,185,257,.720,137,465,153,83,51,175,255
175,Michigan,13,6,7,.462,11.06,6.98,,1,1,,3,3,,2,1,,1081,1028,,535,379,844,.449,96,270,.356,174,244,.713,157,447,161,97,53,144,227
176,Michigan State,13,8,5,.615,19.99,7.29,,0,2,,7,2,,0,1,,1004,839,,525,290,756,.384,100,325,.308,159,223,.713,141,448,160,86,31,171,245
177,Middle Tennessee,15,6,9,.400,-8.02,-0.40,,,,,5,4,,0,3,,962,998,,615,380,861,.441,82,269,.305,156,229,.681,155,531,168,94,50,180,257
178,Milwaukee,14,7,7,.500,-8.36,-2.27,,2,1,,5,2,,1,4,,1067,1093,,565,385,834,.462,120,313,.383,203,280,.725,167,525,222,94,65,175,245
179,Minnesota,13,10,3,.769,9.50,-4.65,,1,1,,10,1,,0,1,,1046,862,,520,324,779,.416,76,230,.330,138,190,.726,133,409,160,100,36,159,227
180,Mississippi,13,13,0,1.000,7.82,-1.80,,,,,9,0,,2,0,,1006,881,,520,316,787,.402,93,306,.304,156,216,.722,163,473,163,89,33,176,228
181,Mississippi State,13,11,2,.846,14.25,0.72,,,,,5,1,,0,1,,991,815,,520,289,747,.387,74,281,.263,163,235,.694,121,414,131,97,29,170,240
182,Mississippi Valley State,13,0,13,.000,-28.56,8.06,,,,,0,0,,0,13,,627,1103,,525,392,748,.524,117,315,.371,202,284,.711,155,477,242,125,37,132,205
183,Missouri,13,8,5,.615,5.90,0.67,,,,,6,2,,2,1,,995,927,,520,318,746,.426,93,292,.318,198,267,.742,158,479,166,81,41,189,216
184,Missouri State,14,9,5,.643,4.34,-1.37,,1,2,,5,1,,1,4,,1019,939,,565,349,895,.390,83,305,.272,158,217,.728,138,469,150,94,38,131,242
185,Monmouth,13,7,6,.538,-2.41,-0.18,,,,,4,1,,1,5,,928,957,,521,335,754,.444,115,334,.344,172,252,.683,149,472,193,91,50,171,212
186,Montana,14,9,5,.643,0.25,2.80,,1,1,,5,1,,4,4,,1073,1008,,560,357,810,.441,96,277,.347,198,279,.710,117,460,157,86,42,140,221
187,Montana State,14,6,8,.429,-5.25,0.29,,1,1,,4,4,,2,4,,1027,1031,,570,369,792,.466,81,246,.329,212,305,.695,137,526,173,86,32,197,247
188,Morehead State,14,10,4,.714,-0.53,1.37,,1,0,,6,0,,4,4,,1097,888,,560,305,827,.369,89,317,.281,189,256,.738,138,426,134,88,34,148,231
189,Morgan State,16,4,12,.250,-17.82,1.95,,,,,4,2,,0,8,,1141,1262,,640,454,1011,.449,118,347,.340,236,348,.678,208,613,220,138,70,187,229
190,Mount St. Mary's,13,5,8,.385,-5.73,-8.42,,1,1,,3,1,,2,7,,960,925,,535,317,733,.432,75,238,.315,216,282,.766,126,428,164,117,38,195,201
191,Murray State,14,5,9,.357,-2.94,-0.64,,2,1,,5,3,,0,4,,1015,1012,,565,375,798,.470,109,308,.354,153,216,.708,119,478,181,66,51,166,233
192,Navy,12,5,7,.417,-6.81,-6.63,,1,0,,5,1,,0,6,,812,756,,485,254,641,.396,72,286,.252,176,253,.696,122,440,133,64,59,183,214
193,NC State,13,10,3,.769,8.93,-0.15,,2,0,,7,0,,2,1,,1012,894,,525,315,735,.429,89,269,.331,175,253,.692,132,481,155,63,39,188,216
194,Nebraska,14,12,2,.857,11.88,-0.55,,2,1,,10,1,,1,1,,1095,921,,560,332,875,.379,102,349,.292,155,215,.721,167,509,153,91,53,171,247
195,Nevada,14,13,1,.929,14.82,0.89,,,,,8,0,,2,0,,1115,901,,560,315,808,.390,110,357,.308,161,248,.649,133,470,169,65,36,179,315
196,Nevada-Las Vegas,12,7,5,.583,7.40,5.30,,,,,6,2,,1,0,,930,817,,490,306,727,.421,81,244,.332,124,173,.717,140,434,167,70,43,170,193
197,New Hampshire,13,8,5,.615,-1.64,-0.98,,,,,5,0,,3,5,,1017,948,,520,342,840,.407,84,313,.268,180,246,.732,139,536,173,100,63,157,218
198,New Mexico,14,12,2,.857,15.97,1.74,,0,1,,7,0,,1,2,,1167,949,,560,324,801,.404,87,285,.305,214,298,.718,131,498,172,84,59,227,275
199,New Mexico State,15,6,9,.400,-7.21,5.43,,,,,6,1,,0,6,,1063,1092,,610,346,852,.406,123,364,.338,277,400,.693,148,519,207,121,34,198,273
200,New Orleans,13,5,8,.385,-14.41,2.26,,,,,4,0,,1,7,,967,996,,526,363,817,.444,88,297,.296,182,274,.664,166,548,208,87,52,211,253
201,Niagara,12,4,8,.333,-11.19,-4.28,,0,2,,2,4,,2,4,,875,902,,485,340,709,.480,76,208,.365,146,209,.699,103,380,145,66,44,127,216
202,Nicholls State,13,5,8,.385,-4.91,4.90,,,,,3,0,,2,6,,939,984,,535,343,819,.419,100,322,.311,198,296,.669,181,540,170,92,59,145,210
203,NJIT,12,4,8,.333,-15.12,-4.21,,,,,3,2,,1,6,,865,909,,480,317,711,.446,86,238,.361,189,283,.668,159,465,167,83,42,150,222
204,Norfolk State,16,9,7,.563,-3.71,-0.71,,,,,5,0,,2,5,,1186,1088,,640,350,842,.416,132,418,.316,256,373,.686,166,529,211,95,55,250,292
205,North Alabama,14,6,8,.429,-7.26,-2.26,,,,,5,1,,1,7,,1069,1052,,575,360,824,.437,102,294,.347,230,317,.726,142,511,196,85,46,175,244
206,North Carolina,13,10,3,.769,20.54,7.54,,2,0,,6,0,,1,0,,1105,936,,525,337,823,.409,104,327,.318,158,215,.735,133,454,147,68,50,162,266
207,North Carolina A&T,13,2,11,.154,-16.70,-0.70,,,,,0,2,,1,6,,901,1109,,520,414,797,.519,104,271,.384,177,253,.700,154,539,225,81,53,155,228
208,North Carolina Central,15,8,7,.533,-8.64,-1.55,,,,,5,1,,3,5,,1168,1036,,605,360,862,.418,92,332,.277,224,305,.734,172,547,198,97,61,234,270
209,North Dakota,16,8,8,.500,-11.64,-4.64,,0,2,,4,3,,2,5,,1171,1150,,645,425,945,.450,101,312,.324,199,270,.737,150,565,190,95,30,183,279
210,North Dakota State,15,7,8,.467,-6.74,0.34,,0,1,,5,2,,2,5,,1150,1085,,610,412,904,.456,92,254,.362,169,244,.693,134,505,177,69,58,154,223
211,North Florida,15,7,8,.467,-11.47,-2.63,,,,,6,2,,1,6,,1152,1128,,600,409,895,.457,90,262,.344,220,300,.733,142,564,201,114,63,183,224
212,North Texas,12,7,5,.583,8.34,1.24,,,,,6,0,,0,1,,830,707,,485,247,643,.384,64,220,.291,149,212,.703,131,387,112,81,40,156,188
213,Northeastern,13,5,8,.385,-2.94,-1.17,,,,,2,1,,2,6,,946,969,,520,365,757,.482,104,284,.366,135,183,.738,123,393,178,82,51,140,214
214,Northern Arizona,14,6,8,.429,-11.67,-0.81,,0,1,,2,0,,3,7,,925,1077,,560,374,777,.481,91,290,.314,238,327,.728,137,519,168,106,38,185,226
215,Northern Colorado,13,7,6,.538,-4.48,-2.02,,1,0,,4,1,,2,4,,1035,1012,,535,358,794,.451,123,334,.368,173,230,.752,116,454,174,98,40,166,239
216,Northern Illinois,13,6,7,.462,-4.21,4.89,,0,1,,3,3,,2,4,,1010,1014,,520,372,860,.433,99,285,.347,171,240,.713,167,498,193,91,24,148,257
217,Northern Iowa,14,7,7,.500,4.15,3.08,,1,2,,4,1,,2,4,,1075,1021,,570,350,794,.441,110,314,.350,211,271,.779,106,453,148,87,51,161,235
218,Northern Kentucky,14,7,7,.500,-4.84,-1.92,,2,1,,5,1,,2,6,,1013,996,,560,368,821,.448,105,314,.334,155,214,.724,149,489,212,95,43,213,253
219,Northwestern,13,10,3,.769,8.16,1.39,,1,1,,7,1,,1,1,,941,853,,525,292,677,.431,94,272,.346,175,237,.738,121,434,165,61,43,182,207
220,Northwestern State,13,2,11,.154,-22.30,-0.85,,,,,2,2,,0,7,,899,1064,,520,387,782,.495,100,297,.337,190,271,.701,163,526,199,88,59,173,206
221,Notre Dame,14,6,8,.429,1.66,3.66,,1,2,,5,4,,0,3,,879,907,,570,330,801,.412,88,274,.321,159,218,.729,134,481,158,94,38,152,211
222,Oakland,15,7,8,.467,2.85,4.65,,2,2,,1,2,,4,5,,1085,1112,,600,393,867,.453,135,369,.366,191,256,.746,140,509,255,86,45,175,236
223,Ohio,13,6,7,.462,-1.58,-3.16,,0,1,,4,3,,0,2,,1029,930,,530,318,742,.429,85,283,.300,209,299,.699,145,470,127,72,45,193,235
224,Ohio State,14,12,2,.857,16.20,2.55,,2,1,,8,1,,0,1,,1107,916,,566,338,826,.409,88,286,.308,152,233,.652,152,468,131,75,36,174,275
225,Oklahoma,13,12,1,.923,16.40,-2.91,,,,,9,0,,0,0,,1073,822,,520,292,756,.386,78,275,.284,160,214,.748,123,393,128,93,51,185,223
226,Oklahoma State,13,8,5,.615,7.02,-2.37,,,,,7,2,,0,1,,980,858,,525,308,753,.409,79,241,.328,163,222,.734,116,419,122,108,32,167,198
227,Old Dominion,13,4,9,.308,-5.47,2.19,,0,1,,3,3,,0,4,,914,992,,525,331,742,.446,116,322,.360,214,298,.718,133,486,184,76,51,167,202
228,Omaha,16,8,8,.500,-7.05,-3.55,,1,1,,6,1,,1,6,,1167,1105,,640,385,897,.429,119,374,.318,216,288,.750,141,547,189,96,44,200,312
229,Oral Roberts,14,7,7,.500,-3.39,2.16,,1,1,,5,0,,2,7,,1050,1035,,570,376,899,.418,122,342,.357,161,225,.716,186,576,197,69,43,169,201
230,Oregon,13,10,3,.769,11.87,4.03,,2,0,,8,0,,1,0,,1015,913,,525,324,744,.435,86,261,.330,179,253,.708,125,445,154,68,42,183,260
231,Oregon State,13,9,4,.692,2.31,2.31,,1,1,,9,1,,0,0,,935,899,,545,315,768,.410,100,309,.324,169,246,.687,151,438,171,96,39,176,278
232,Pacific,15,6,9,.400,-19.58,-6.51,,,,,5,4,,1,5,,973,1107,,605,391,848,.461,109,322,.339,216,301,.718,126,529,192,109,47,200,278
233,Penn State,13,7,6,.538,7.05,-0.10,,1,1,,7,1,,0,1,,1007,914,,530,326,764,.427,74,256,.289,188,247,.761,159,504,170,73,39,219,241
234,Pennsylvania,15,8,7,.533,-0.64,2.21,,,,,7,1,,1,4,,1162,1100,,620,411,923,.445,123,356,.346,155,225,.689,155,505,212,106,55,162,235
235,Pepperdine,15,7,8,.467,-1.32,0.14,,,,,7,2,,0,3,,1082,1053,,600,379,814,.466,81,230,.352,214,300,.713,110,473,180,106,31,186,261
236,Pittsburgh,14,9,5,.643,15.21,1.57,,0,3,,7,3,,1,1,,1103,912,,560,322,817,.394,82,321,.255,186,245,.759,118,479,167,80,53,165,259
237,Portland,15,6,9,.400,-7.73,-0.42,,,,,5,2,,1,4,,1112,1167,,600,420,947,.444,149,419,.356,178,255,.698,155,529,243,104,29,162,280
238,Portland State,14,10,4,.714,-3.72,-2.54,,1,1,,4,0,,5,3,,1020,966,,564,357,817,.437,103,281,.367,149,233,.639,139,520,181,77,54,188,228
239,Prairie View,13,5,8,.385,-10.90,3.28,,,,,2,0,,2,8,,926,1028,,520,337,736,.458,83,260,.319,271,383,.708,155,531,164,90,65,218,246
240,Presbyterian,16,9,7,.563,-10.96,-8.27,,1,0,,4,3,,4,3,,1243,1145,,645,381,885,.431,109,329,.331,274,359,.763,135,533,172,90,56,223,297
241,Princeton,13,12,1,.923,9.98,0.89,,,,,5,0,,6,1,,1016,833,,520,305,730,.418,84,257,.327,139,179,.777,116,398,142,70,39,146,199
242,Providence,14,11,3,.786,13.17,2.95,,2,1,,10,1,,0,1,,1035,892,,570,323,853,.379,79,259,.305,167,222,.752,139,482,117,108,38,178,259
243,Purdue,14,13,1,.929,27.18,8.83,,2,1,,7,0,,1,1,,1195,938,,565,352,892,.395,101,359,.281,131,195,.672,136,424,192,107,34,157,286
244,Purdue Fort Wayne,15,13,2,.867,4.72,-6.05,,4,0,,8,0,,3,2,,1253,986,,600,364,881,.413,87,328,.265,171,259,.660,167,579,173,74,46,272,257
245,Queens (NC),15,6,9,.400,-9.72,2.43,,,,,5,1,,0,8,,1199,1244,,600,457,962,.475,115,356,.323,215,282,.762,155,564,217,104,79,175,262
246,Quinnipiac,13,9,4,.692,-5.63,-5.80,,1,1,,5,1,,4,3,,1015,945,,525,353,831,.425,103,311,.331,136,203,.670,123,441,194,89,47,158,213
247,Radford,16,10,6,.625,-2.20,-0.49,,0,1,,5,1,,2,5,,1174,1114,,640,389,945,.412,107,368,.291,229,308,.744,191,560,173,87,43,168,253
248,Rhode Island,14,7,7,.500,-1.28,0.79,,1,0,,7,2,,0,2,,1024,1013,,560,375,872,.430,115,330,.348,148,222,.667,156,478,187,108,66,141,250
249,Rice,14,6,8,.429,-3.82,1.42,,0,1,,5,2,,1,3,,1019,1043,,560,389,860,.452,113,321,.352,152,215,.707,139,503,199,97,47,157,226
250,Richmond,13,8,5,.615,7.64,-1.59,,,,,7,0,,0,3,,975,855,,520,309,787,.393,95,332,.286,142,203,.700,141,496,151,61,40,153,186
251,Rider,13,3,10,.231,-10.49,-0.24,,0,2,,2,2,,1,8,,924,1001,,530,335,762,.440,104,322,.323,227,317,.716,128,470,175,109,48,148,219
252,Robert Morris,15,4,11,.267,-8.91,-1.83,,0,4,,3,4,,1,7,,1077,1110,,600,402,852,.472,89,280,.318,217,315,.689,138,510,194,118,44,193,248
253,Rutgers,13,8,5,.615,6.99,1.68,,0,2,,7,1,,1,2,,882,813,,520,288,755,.381,89,289,.308,148,213,.695,167,526,141,79,46,204,238
254,Sacramento State,14,4,10,.286,-11.95,-0.53,,0,2,,3,2,,1,6,,1003,1023,,560,362,815,.444,111,310,.358,188,269,.699,121,439,183,108,37,151,249
255,Sacred Heart,15,6,9,.400,-9.97,-4.20,,,,,4,3,,1,6,,1092,1094,,600,391,902,.433,126,362,.348,186,280,.664,191,593,218,98,47,233,224
256,Saint Francis (PA),13,5,8,.385,-14.33,-2.05,,,,,3,3,,2,5,,860,928,,520,333,740,.450,87,272,.320,175,254,.689,153,471,181,88,45,181,214
257,Saint Joseph's,14,10,4,.714,9.66,-2.34,,0,1,,7,1,,1,3,,1087,919,,565,315,835,.377,116,398,.291,173,270,.641,172,510,181,102,52,188,209
258,Saint Louis,14,7,7,.500,-2.37,2.41,,0,1,,6,2,,0,3,,1035,1061,,560,383,839,.456,113,336,.336,182,264,.689,145,507,188,86,50,158,263
259,Saint Mary's (CA),15,9,6,.600,15.06,8.06,,,,,7,3,,1,0,,1055,878,,610,302,801,.377,71,234,.303,203,292,.695,124,439,141,93,42,175,252
260,Saint Peter's,11,6,5,.545,-5.40,-4.30,,2,0,,2,1,,4,4,,696,704,,440,227,528,.430,66,196,.337,184,271,.679,99,345,120,77,39,154,213
261,Sam Houston,15,7,8,.467,-6.57,-1.72,,,,,4,2,,2,6,,1077,1083,,610,385,866,.445,100,330,.303,213,311,.685,145,552,224,109,61,223,275
262,Samford,14,12,2,.857,5.77,-4.48,,1,0,,10,0,,2,2,,1262,1049,,560,349,837,.417,101,313,.323,250,354,.706,175,509,181,138,55,251,254
263,San Diego,15,10,5,.667,-1.87,-1.79,,,,,9,1,,0,3,,1093,1077,,600,380,899,.423,110,354,.311,207,307,.674,163,559,215,118,57,204,263
264,San Diego State,14,12,2,.857,17.35,7.93,,1,0,,7,0,,2,2,,1084,917,,570,323,821,.393,100,343,.292,171,237,.722,138,481,163,79,34,187,265
265,San Francisco,15,11,4,.733,12.97,-1.32,,,,,8,0,,1,2,,1158,889,,600,306,766,.399,80,286,.280,197,274,.719,111,409,131,101,30,241,209
266,San Jose State,14,7,7,.500,-1.90,-2.90,,0,1,,5,1,,0,5,,1057,999,,570,356,816,.436,91,268,.340,196,275,.713,136,496,167,65,34,163,227
267,Santa Clara,15,9,6,.600,4.22,1.79,,,,,5,2,,1,2,,1157,1086,,600,382,932,.410,121,366,.331,201,286,.703,166,518,195,116,33,169,261
268,Seattle,13,8,5,.615,6.46,0.21,,1,1,,7,2,,1,3,,985,855,,535,302,740,.408,75,269,.279,176,249,.707,111,412,143,79,42,174,250
269,Seton Hall,14,9,5,.643,8.96,4.10,,2,1,,7,1,,1,2,,1022,954,,560,333,805,.414,111,323,.344,177,232,.763,154,460,192,98,60,187,241
270,Siena,13,2,11,.154,-21.81,-4.27,,1,1,,2,3,,0,6,,774,1002,,520,377,785,.480,97,265,.366,151,216,.699,140,455,183,129,50,146,220
271,South Alabama,13,8,5,.615,-4.28,-2.28,,1,0,,5,2,,3,3,,954,954,,535,345,787,.438,82,278,.295,182,269,.677,144,500,143,87,56,157,213
272,South Carolina,13,12,1,.923,10.17,-2.21,,,,,8,0,,1,1,,981,820,,520,288,716,.402,77,227,.339,167,235,.711,116,414,143,68,53,142,216
273,South Carolina State,16,4,12,.250,-15.70,-0.34,,,,,4,1,,0,11,,1136,1326,,645,434,915,.474,135,366,.369,323,430,.751,168,587,267,153,79,246,290
274,South Carolina Upstate,14,5,9,.357,-12.18,-1.36,,0,1,,3,2,,2,7,,1006,1012,,565,342,762,.449,86,286,.301,242,334,.725,140,517,162,90,42,204,232
275,South Dakota,16,8,8,.500,-11.16,-5.00,,1,1,,5,3,,2,4,,1234,1208,,640,449,1045,.430,134,377,.355,176,254,.693,183,554,229,110,57,162,300
276,South Dakota State,15,7,8,.467,-0.23,1.77,,1,0,,4,2,,1,2,,1124,1066,,600,369,901,.410,143,407,.351,185,255,.725,155,540,197,102,52,177,254
277,South Florida,11,7,4,.636,3.30,-3.43,,,,,6,2,,0,2,,842,768,,440,272,633,.430,80,243,.329,144,223,.646,120,409,154,69,34,165,220
278,Southeast Missouri State,14,5,9,.357,-18.13,-1.32,,1,1,,5,2,,0,6,,991,1070,,565,372,786,.473,81,250,.324,245,360,.681,108,499,189,100,41,186,265
279,Southeastern Louisiana,13,5,8,.385,-12.02,2.28,,,,,4,0,,1,6,,883,938,,520,330,746,.442,107,333,.321,171,226,.757,138,445,196,95,46,163,217
280,Southern,13,6,7,.462,-5.91,8.09,,,,,4,0,,2,7,,990,976,,525,338,719,.470,93,290,.321,207,303,.683,127,474,197,91,46,241,204
281,Southern California,14,7,7,.500,8.02,4.88,,1,2,,4,2,,1,3,,1090,1046,,565,368,858,.429,117,336,.348,193,269,.717,161,496,213,103,48,189,264
282,Southern Illinois,14,10,4,.714,9.19,-1.20,,2,1,,9,1,,0,2,,1054,888,,560,323,786,.411,68,253,.269,174,254,.685,144,460,144,86,50,163,244
283,SIU Edwardsville,15,8,7,.533,-7.80,-3.13,,1,1,,6,1,,0,6,,1076,1040,,600,359,840,.427,122,338,.361,200,276,.725,163,512,194,81,46,169,253
284,Southern Indiana,15,4,11,.267,-12.36,0.72,,1,1,,3,3,,1,8,,1008,1072,,605,360,881,.409,102,313,.326,250,346,.723,147,544,193,105,43,167,250
285,Southern Methodist,14,10,4,.714,14.39,0.77,,1,0,,7,2,,2,1,,1059,863,,560,298,824,.362,80,307,.261,187,263,.711,175,484,165,117,67,184,197
286,Southern Mississippi,13,6,7,.462,-10.56,-3.83,,0,1,,3,1,,3,3,,907,928,,520,325,745,.436,111,311,.357,167,241,.693,137,469,185,101,41,182,223
287,Southern Utah,13,5,8,.385,-4.01,-0.10,,0,2,,4,1,,0,7,,1014,1005,,525,389,783,.497,74,225,.329,153,225,.680,135,477,181,74,47,177,250
288,St. Bonaventure,13,10,3,.769,9.39,-0.77,,1,0,,5,1,,3,0,,981,849,,520,301,697,.432,84,275,.305,163,236,.691,114,388,172,54,33,177,199
289,St. John's (NY),14,10,4,.714,15.92,6.06,,2,1,,7,1,,1,1,,1116,978,,560,342,822,.416,92,273,.337,202,278,.727,163,474,164,85,47,193,230
290,St. Thomas,16,11,5,.688,0.38,-4.77,,2,0,,6,0,,4,4,,1165,980,,640,350,843,.415,97,315,.308,183,267,.685,148,510,186,90,42,194,255
291,Stanford,13,7,6,.538,9.42,4.89,,2,1,,6,2,,1,1,,1016,957,,530,360,846,.426,100,306,.327,137,194,.706,135,471,152,86,30,145,218
292,Stephen F. Austin,13,8,5,.615,1.71,-2.38,,1,1,,4,2,,2,2,,1015,885,,530,286,723,.396,83,242,.343,230,322,.714,132,420,130,116,42,244,261
293,Stetson,14,8,6,.571,-3.29,2.35,,,,,4,0,,2,6,,1100,982,,560,360,875,.411,107,351,.305,155,223,.695,177,495,208,86,37,142,215
294,Stonehill,15,2,13,.133,-19.04,0.96,,,,,2,2,,0,11,,953,1206,,600,424,957,.443,166,461,.360,192,261,.736,194,628,266,116,76,184,208
295,Stony Brook,13,7,6,.538,-6.45,-1.29,,,,,6,1,,1,5,,929,950,,525,350,797,.439,125,339,.369,125,178,.702,140,490,205,85,36,159,209
296,Syracuse,14,10,4,.714,9.80,7.11,,1,2,,7,0,,1,2,,1085,1001,,560,369,869,.425,103,332,.310,160,237,.675,166,528,194,99,39,210,215
297,Tarleton State,13,9,4,.692,-0.99,0.51,,2,0,,4,1,,3,3,,922,822,,520,288,695,.414,85,266,.320,161,247,.652,144,436,157,81,54,198,217
298,TCU,13,11,2,.846,14.51,-4.80,,,,,7,0,,2,0,,1115,864,,520,308,744,.414,80,260,.308,168,251,.669,123,400,161,94,43,220,234
299,Temple,13,7,6,.538,-2.37,-0.62,,,,,3,2,,2,1,,961,952,,535,338,785,.431,98,304,.322,178,235,.757,135,515,181,80,43,178,235
300,Tennessee,13,10,3,.769,20.96,7.42,,,,,7,0,,1,1,,1012,836,,520,279,749,.372,84,290,.290,194,282,.688,135,449,137,85,33,176,233
301,Tennessee State,15,8,7,.533,-7.72,-2.45,,1,1,,6,1,,1,5,,1164,1107,,605,379,882,.430,108,306,.353,241,327,.737,171,550,179,96,60,218,256
302,Tennessee Tech,15,5,10,.333,-13.53,-2.03,,0,2,,4,4,,1,6,,1069,1162,,605,436,945,.461,128,357,.359,162,217,.747,135,553,236,99,53,149,237
303,Tennessee-Martin,15,9,6,.600,-5.70,-2.70,,2,0,,5,0,,4,5,,1278,1204,,610,437,1055,.414,143,452,.316,187,254,.736,168,598,221,115,63,178,242
304,Texas,13,11,2,.846,13.33,-1.52,,,,,9,0,,0,1,,1029,836,,520,299,762,.392,79,247,.320,159,231,.688,148,442,136,89,47,175,225
305,Texas A&M,13,9,4,.692,16.39,6.85,,,,,5,1,,2,1,,990,866,,520,297,718,.414,108,309,.350,164,229,.716,128,412,171,67,62,160,250
306,Texas A&M-Commerce,13,6,7,.462,-10.43,6.87,,,,,5,1,,1,6,,965,959,,530,343,775,.443,88,271,.325,185,260,.712,147,493,161,75,34,184,171
307,Texas A&M-Corpus Christi,13,7,6,.538,-8.64,-0.75,,,,,5,1,,2,4,,1000,872,,530,275,684,.402,79,276,.286,243,339,.717,100,438,161,91,50,219,245
308,Texas Southern,11,2,9,.182,-10.74,6.86,,,,,1,1,,0,7,,722,862,,440,292,644,.453,95,265,.358,183,262,.698,131,460,163,73,54,132,155
309,Texas State,13,6,7,.462,-4.64,3.81,,0,1,,3,0,,3,5,,905,907,,520,319,745,.428,74,254,.291,195,274,.712,143,443,151,92,49,163,232
310,Texas Tech,13,11,2,.846,13.06,-0.48,,,,,8,0,,0,1,,1014,838,,525,310,762,.407,96,311,.309,122,182,.670,134,416,140,79,53,163,216
311,Texas-Rio Grande Valley,13,4,9,.308,-13.74,-0.93,,0,2,,3,2,,1,5,,958,1029,,520,362,798,.454,94,257,.366,211,278,.759,156,523,211,110,67,208,271
312,The Citadel,14,8,6,.571,-2.87,-4.51,,0,1,,4,2,,2,4,,1025,931,,560,348,838,.415,98,314,.312,137,179,.765,125,452,173,79,58,144,242
313,Toledo,13,7,6,.538,2.59,2.75,,1,0,,4,2,,3,1,,1033,1035,,520,387,775,.499,101,279,.362,160,213,.751,130,442,184,81,43,181,239
314,Towson,13,7,6,.538,-1.18,0.57,,,,,5,0,,2,1,,882,852,,530,304,698,.436,84,249,.337,160,226,.708,110,382,160,94,52,151,224
315,Troy,13,7,6,.538,-4.45,-3.95,,1,0,,6,1,,1,5,,1071,919,,535,317,749,.423,84,251,.335,201,298,.674,132,438,145,108,57,200,245
316,Tulane,13,10,3,.769,6.76,-2.74,,1,0,,8,1,,1,0,,1161,1017,,530,362,848,.427,125,373,.335,168,235,.715,160,491,200,88,36,206,281
317,Tulsa,12,9,3,.750,0.68,-7.68,,,,,9,0,,0,2,,926,793,,485,288,736,.391,78,275,.284,139,225,.618,156,465,142,84,31,187,247
318,UAB,14,9,5,.643,-2.76,-1.69,,1,0,,5,3,,3,1,,1085,1063,,570,383,850,.451,109,313,.348,188,260,.723,157,477,196,97,65,166,265
319,UC Davis,13,7,6,.538,-2.34,-4.07,,2,0,,5,3,,1,3,,937,860,,520,300,667,.450,71,221,.321,189,271,.697,108,396,136,83,32,212,241
320,UC Irvine,14,9,5,.643,9.40,1.93,,2,0,,4,0,,2,5,,1099,942,,560,328,808,.406,84,258,.326,202,278,.727,134,447,165,80,46,174,244
321,UC Riverside,14,6,8,.429,-4.58,2.34,,1,1,,5,1,,0,7,,975,1005,,561,357,786,.454,101,261,.387,190,257,.739,114,494,201,64,50,152,226
322,UC San Diego,13,7,6,.538,2.27,0.27,,1,0,,6,1,,1,4,,994,882,,525,327,787,.416,95,296,.321,133,193,.689,149,466,168,60,51,164,227
323,UC Santa Barbara,12,7,5,.583,-2.85,-3.15,,0,2,,5,1,,1,4,,966,901,,480,345,761,.453,84,259,.324,127,194,.655,99,365,148,86,29,112,233
324,UCLA,14,6,8,.429,5.77,3.39,,1,2,,4,3,,1,2,,926,867,,560,287,735,.390,106,338,.314,187,264,.708,121,435,139,88,33,179,284
325,UNC Asheville,16,9,7,.563,-3.23,-0.61,,1,0,,6,1,,0,4,,1320,1190,,650,426,992,.429,105,359,.292,233,323,.721,186,559,204,100,55,217,334
326,UNC Greensboro,14,10,4,.714,-1.07,-1.99,,1,0,,6,0,,1,4,,1100,979,,565,328,842,.390,119,381,.312,204,283,.721,154,500,166,72,47,153,220
327,UNC Wilmington,12,9,3,.750,0.90,0.68,,,,,3,0,,5,2,,1029,883,,485,317,702,.452,85,254,.335,164,237,.692,124,433,153,52,34,160,249
328,UT Arlington,13,6,7,.462,-2.03,5.25,,1,1,,5,1,,0,6,,939,951,,520,332,771,.431,100,274,.365,187,259,.722,134,437,188,100,52,158,227
329,Utah,13,11,2,.846,21.02,8.63,,2,0,,8,0,,1,0,,1062,901,,520,335,831,.403,106,323,.328,125,196,.638,145,464,177,73,30,148,236
330,Utah State,14,13,1,.929,14.00,1.75,,1,0,,6,0,,3,1,,1145,914,,565,330,791,.417,77,286,.269,177,250,.708,116,433,151,91,31,201,261
331,Utah Tech,13,6,7,.462,-7.45,-1.03,,2,0,,2,2,,4,5,,928,993,,530,339,782,.434,106,305,.348,209,313,.668,160,487,180,105,50,178,242
332,Utah Valley,13,6,7,.462,-2.57,3.53,,1,1,,4,1,,1,5,,880,904,,525,327,734,.446,82,246,.333,168,243,.691,118,469,178,80,46,174,243
333,UTEP,14,8,6,.571,-2.72,0.10,,,,,7,2,,0,3,,1074,977,,560,317,739,.429,82,262,.313,261,357,.731,138,476,146,101,35,255,294
334,UTSA,14,6,8,.429,-9.51,-6.28,,0,1,,5,3,,1,5,,1099,1108,,565,389,905,.430,107,310,.345,223,318,.701,174,564,202,82,68,146,262
335,Valparaiso,14,4,10,.286,-10.14,-1.75,,0,3,,4,5,,0,5,,940,1010,,560,372,833,.447,100,297,.337,166,244,.680,169,562,199,101,43,197,223
336,Vanderbilt,13,5,8,.385,-3.40,-0.86,,,,,5,4,,0,1,,890,923,,520,325,743,.437,103,267,.386,170,219,.776,109,460,162,75,37,145,239
337,Vermont,15,10,5,.667,1.29,-0.56,,,,,5,1,,3,3,,1098,974,,600,353,850,.415,101,299,.338,167,236,.708,139,496,148,73,32,140,218
338,Villanova,14,10,4,.714,15.61,6.18,,3,0,,5,1,,2,2,,1023,891,,575,316,792,.399,111,333,.333,148,214,.692,122,477,168,84,59,169,231
339,Virginia,14,11,3,.786,11.91,1.27,,2,1,,9,0,,0,2,,932,783,,560,279,735,.380,85,290,.293,138,197,.701,152,487,151,79,30,197,200
340,Virginia Commonwealth,14,8,6,.571,9.12,2.97,,0,1,,7,4,,0,0,,1037,951,,565,325,808,.402,88,281,.313,213,299,.712,150,458,147,108,23,151,253
341,VMI,14,3,11,.214,-14.69,-3.69,,0,1,,3,2,,0,7,,989,1022,,565,365,875,.417,107,352,.304,185,285,.649,149,496,168,114,35,156,203
342,Virginia Tech,13,9,4,.692,10.59,3.28,,1,1,,7,0,,0,2,,954,859,,520,311,733,.424,85,265,.321,152,214,.710,113,404,144,80,40,165,229
343,Wagner,12,6,6,.500,-12.34,-5.14,,,,,3,1,,3,5,,765,753,,485,273,645,.423,76,266,.286,131,198,.662,116,453,170,55,42,155,163
344,Wake Forest,13,10,3,.769,13.68,0.83,,2,0,,8,0,,1,1,,1060,893,,525,327,778,.420,85,263,.323,154,214,.720,138,441,131,69,46,167,233
345,Washington,13,8,5,.615,15.01,8.47,,0,2,,6,1,,1,2,,1072,987,,535,351,828,.424,91,292,.312,194,295,.658,164,491,176,80,37,166,259
346,Washington State,13,9,4,.692,11.78,1.40,,0,2,,7,0,,0,2,,976,841,,520,282,723,.390,71,240,.296,206,268,.769,111,411,124,66,36,148,232
347,Weber State,14,10,4,.714,7.23,0.60,,2,0,,7,0,,2,2,,1070,850,,565,324,766,.423,90,283,.318,112,179,.626,99,446,171,68,42,182,253
348,West Virginia,13,5,8,.385,4.77,6.01,,,,,5,4,,0,0,,888,904,,525,335,822,.408,111,338,.328,123,179,.687,148,487,170,80,47,125,241
349,Western Carolina,14,12,2,.857,0.51,-3.76,,1,0,,6,0,,6,2,,1083,929,,560,335,844,.397,75,235,.319,184,270,.681,140,474,112,73,40,141,230
350,Western Illinois,14,8,6,.571,-8.65,-1.25,,1,0,,5,1,,3,5,,1013,942,,570,352,882,.399,89,304,.293,149,219,.680,146,488,168,109,42,153,230
351,Western Kentucky,14,11,3,.786,-1.32,-3.50,,,,,6,0,,4,1,,1125,1031,,561,366,892,.410,96,343,.280,203,284,.715,153,541,182,89,55,211,250
352,Western Michigan,13,4,9,.308,-8.19,-0.78,,1,0,,1,4,,1,5,,940,973,,525,352,782,.450,116,324,.358,153,228,.671,145,454,198,88,37,152,235
353,Wichita State,13,8,5,.615,4.75,3.42,,,,,6,0,,1,2,,979,933,,520,337,848,.397,105,356,.295,154,206,.748,136,469,186,97,52,128,209
354,William & Mary,13,5,8,.385,-11.68,-5.32,,,,,5,0,,0,6,,996,962,,525,333,767,.434,107,310,.345,189,252,.750,119,442,147,78,40,134,247
355,Winthrop,16,10,6,.625,0.92,-1.24,,1,0,,8,1,,2,5,,1252,1078,,645,373,932,.400,115,404,.285,217,284,.764,176,539,196,118,74,218,345
356,Wisconsin,13,10,3,.769,17.85,8.46,,2,0,,7,1,,1,2,,973,851,,520,305,686,.445,87,253,.344,154,223,.691,93,377,135,57,46,164,255
357,Wofford,14,8,6,.571,-2.53,0.38,,1,0,,5,0,,3,3,,1128,1072,,575,368,857,.429,120,351,.342,216,287,.753,108,467,182,102,46,137,255
358,Wright State,14,6,8,.429,-1.83,-0.83,,1,2,,4,2,,0,5,,1169,1115,,560,411,849,.484,118,334,.353,175,249,.703,125,447,217,90,36,172,238
359,Wyoming,14,8,6,.571,-1.43,2.15,,1,0,,5,1,,0,4,,1048,1022,,560,372,841,.442,106,329,.322,172,216,.796,152,461,164,121,52,197,292
360,Xavier,14,7,7,.500,13.96,8.67,,1,2,,6,3,,0,3,,1044,970,,560,353,890,.397,87,294,.296,177,258,.686,177,525,204,90,64,170,261
361,Yale,15,9,6,.600,1.60,1.30,,,,,3,1,,4,4,,1127,1015,,615,365,886,.412,118,346,.341,167,227,.736,136,499,202,84,52,172,235
362,Youngstown State,14,10,4,.714,0.48,-0.62,,2,1,,7,1,,3,3,,1141,971,,560,354,868,.408,111,337,.329,152,226,.673,136,473,205,71,45,166,218
